chr	rs_lead	lead_hg38	left_raw	right_raw	left_dist	right_dist	size	1kg	hg38id_short	left_bound	right_bound	nearest_gene
16	rs68040616	28893412	28806466	28914657	86946	21245	108191	True	chr16_28893412	28806466	28914657	ATP2A1
14	rs979812	87997920	87939555	88023286	58365	25366	83731	True	chr14_87997920	87939555	88023286	GALC
16	rs1861761	50811622	50808166	50811622	3456	1500	4956	True	chr16_50811622	50808166	50813122	CYLD
12	rs6582585	46022785	46014288	46051395	8497	28610	37107	True	chr12_46022785	46014288	46051395	SCAF11
16	rs732172	31038712	31005649	31115000	33063	76288	109351	True	chr16_31038712	31005649	31115000	STX4
13	rs1995052	97227087	97226571	97242927	1500	15840	17340	True	chr13_97227087	97225587	97242927	MBNL2
2	rs7563891	95326214	95079375	95484475	246839	158261	405100	True	chr2_95326214	95079375	95484475	KCNIP3
2	rs9309337	61536072	61186588	61610812	349484	74740	424224	True	chr2_61536072	61186588	61610812	XPO1
8	rs6469273	109633256	109608637	109636043	24619	2787	27406	True	chr8_109633256	109608637	109636043	SYBU
14	rs36003317	37749513	37729985	37760887	19528	11374	30902	True	chr14_37749513	37729985	37760887	TTC6
21	rs4816690	40577012	40563114	40614074	13898	37062	50960	True	chr21_40577012	40563114	40614074	DSCAM
1	rs75548401	155236246	155236246	155236246	1500	1500	3000	True	chr1_155236246	155234746	155237746	GBA1
11	rs12284617	83789062	83789062	83833429	1500	44367	45867	True	chr11_83789062	83787562	83833429	DLG2
3	rs11929238	161328149	161100089	161379060	228060	50911	278971	True	chr3_161328149	161100089	161379060	SPTSSB
10	rs1174256174	119856143	119856143	119856143	1500	1500	3000	False	chr10_119856143	119854643	119857643	CASC2
1	rs72712862	161000299	161000299	161067049	1500	66750	68250	True	chr1_161000299	160998799	161067049	F11R
17	rs190825568	47535476	47420878	47659208	114598	123732	238330	True	chr17_47535476	47420878	47659208	NPEPPS
7	rs80148128	158605408	158595852	158635103	9556	29695	39251	True	chr7_158605408	158595852	158635103	PTPRN2
4	rs2857866	2934914	2847441	2937291	87473	2377	89850	True	chr4_2934914	2847441	2937291	MFSD10
1	rs12128848	112106855	112061859	112112821	44996	5966	50962	True	chr1_112106855	112061859	112112821	KCND3
3	rs10569457	151990484	151980784	152061077	9700	70593	80293	True	chr3_151990484	151980784	152061077	SUCNR1
4	rs28628748	76278760	76275524	76278760	3236	1500	4736	True	chr4_76278760	76275524	76280260	FAM47E-STBD1
4	rs72696649	169711869	169662006	169711869	49863	1500	51363	True	chr4_169711869	169662006	169713369	CLCN3
8	rs4872005	22672162	22592880	22686645	79282	14483	93765	True	chr8_22672162	22592880	22686645	BIN3
11	rs10750027	113721110	113649337	113786107	71773	64997	136770	True	chr11_113721110	113649337	113786107	ZW10
17	rs8074498	81996668	81948156	82006211	48512	9543	58055	True	chr17_81996668	81948156	82006211	ASPSCR1
19	rs1128402	2353152	2339950	2360969	13202	7817	21019	True	chr19_2353152	2339950	2360969	SPPL2B
3	rs144678625	17710565	17280319	17816933	430246	106368	536614	True	chr3_17710565	17280319	17816933	TBC1D5
4	rs13117238	76252761	76228423	76253509	24338	1500	25838	True	chr4_76252761	76228423	76254261	FAM47E-STBD1
16	rs1971534	52939375	52937867	52951643	1508	12268	13776	True	chr16_52939375	52937867	52951643	CHD9
19	rs4802574	49145273	49136745	49151164	8528	5891	14419	True	chr19_49145273	49136745	49151164	PPFIA3
3	rs1768208	39481512	39430804	39493251	50708	11739	62447	True	chr3_39481512	39430804	39493251	MOBP
6	rs41316625	29015989	28895821	29195590	120168	179601	299769	True	chr6_29015989	28895821	29195590	ZNF311
4	rs2301134	89837794	89802424	89898810	35370	61016	96386	True	chr4_89837794	89802424	89898810	SNCA
17	rs847680	50146710	50123470	50159289	23240	12579	35819	True	chr17_50146710	50123470	50159289	PPP1R9B
17	rs2243093	4932600	4921558	4935738	11042	3138	14180	True	chr17_4932600	4921558	4935738	GP1BA
5	rs246814	76303383	76273162	76310353	30221	6970	37191	True	chr5_76303383	76273162	76310353	SV2C
13	rs1805097	109782884	109761589	109810910	21295	28026	49321	True	chr13_109782884	109761589	109810910	IRS2
10	rs10796307	15507549	15507549	15555896	1500	48347	49847	True	chr10_15507549	15506049	15555896	ITGA8
16	rs8058190	1666009	1666009	1666009	1500	1500	3000	True	chr16_1666009	1664509	1667509	CRAMP1
4	rs34311866	958159	958159	979248	1500	21089	22589	True	chr4_958159	956659	979248	TMEM175
7	rs2127183	95711872	95694202	95711872	17670	1500	19170	True	chr7_95711872	95694202	95713372	DYNC1I1
12	rs61754230	71785666	71785666	71785666	1500	1500	3000	True	chr12_71785666	71784166	71787166	RAB21
5	rs10054911	80530472	80517558	80551107	12914	20635	33549	True	chr5_80530472	80517558	80551107	FAM151B
10	rs144814361	119651405	119651405	119651405	1500	1500	3000	True	chr10_119651405	119649905	119652905	BAG3
20	rs35428411	31805133	31496612	31846281	308521	41148	349669	True	chr20_31805133	31496612	31846281	TPX2
12	rs2286028	906303	871759	942701	34544	36398	70942	True	chr12_906303	871759	942701	WNK1
15	rs4774417	61701503	61696305	61705400	5198	3897	9095	True	chr15_61701503	61696305	61705400	VPS13C
4	rs77186370	940049	940049	940049	1500	1500	3000	True	chr4_940049	938549	941549	TMEM175
5	rs11241774	124872055	124868255	124912325	3800	40270	44070	True	chr5_124872055	124868255	124912325	ZNF608
6	rs146617529	132828914	132766401	132958374	62513	129460	191973	True	chr6_132828914	132766401	132958374	RPS12
2	rs12618884	168129365	168091701	168134246	37664	4881	42545	True	chr2_168129365	168091701	168134246	STK39
4	rs13117519	113447909	113419207	113480214	28702	32305	61007	True	chr4_113447909	113419207	113480214	CAMK2D
13	rs1198499	49341314	49341314	49390921	1500	49607	51107	True	chr13_49341314	49339814	49390921	CAB39L
17	rs5848	44352876	44352876	44376902	1500	24026	25526	True	chr17_44352876	44351376	44376902	GRN
1	rs10495249	226731418	226725055	226737174	6363	5756	12119	True	chr1_226731418	226725055	226737174	ITPKB
3	rs11717169	151405709	151372636	151414817	33073	9108	42181	True	chr3_151405709	151372636	151414817	MED12L
2	rs12478701	23718478	23687285	24029566	31193	311088	342281	True	chr2_23718478	23687285	24029566	KLHL29
19	rs8105994	18482743	18409187	18526384	73556	43641	117197	True	chr19_18482743	18409187	18526384	ELL
17	rs58426209	68281293	68269919	68304107	11374	22814	34188	True	chr17_68281293	68269919	68304107	SLC16A6
2	rs60954733	101170053	101118873	101202597	51180	32544	83724	True	chr2_101170053	101118873	101202597	TBC1D8
8	rs2663613	129873161	129841201	129935409	31960	62248	94208	True	chr8_129873161	129841201	129935409	CYRIB
12	rs34637584	40340400	40340400	40340400	1500	1500	3000	False	chr12_40340400	40338900	40341900	LRRK2
1	rs708723	205770138	205750404	205788696	19734	18558	38292	True	chr1_205770138	205750404	205788696	RAB29
1	rs2230288	155236376	154941247	155924191	295129	687815	982944	True	chr1_155236376	154941247	155924191	GBA1
9	rs1536072	17701891	17684786	17735085	17105	33194	50299	True	chr9_17701891	17684786	17735085	SH3GL2
17	rs72843781	62016181	61886550	62065845	129631	49664	179295	True	chr17_62016181	61886550	62065845	MED13
4	rs75739600	169996341	169965443	170070787	30898	74446	105344	True	chr4_169996341	169965443	170070787	MFAP3L
1	rs72712893	161067049	161067049	161067049	1500	1500	3000	True	chr1_161067049	161065549	161068549	ARHGAP30
9	rs13296299	34154849	34152466	34358895	2383	204046	206429	True	chr9_34154849	34152466	34358895	UBAP1
12	rs7964712	100991017	100991017	101022095	1500	31078	32578	True	chr12_100991017	100989517	101022095	ANO4
3	rs73034368	18247575	18208414	18320267	39161	72692	111853	True	chr3_18247575	18208414	18320267	TBC1D5
17	rs143392722	78425279	78417991	78433766	7288	8487	15775	True	chr17_78425279	78417991	78433766	DNAH17
20	rs55785911	3172857	3168074	3189526	4783	16669	21452	True	chr20_3172857	3168074	3189526	LZTS3
15	rs34631560	88973692	88922303	88978760	51389	5068	56457	True	chr15_88973692	88922303	88978760	MFGE8
6	rs60740436	20023315	20012854	20023419	10461	1500	11961	True	chr6_20023315	20012854	20024815	MBOAT1
2	rs6758044	134834675	134587998	134834675	246677	1500	248177	True	chr2_134834675	134587998	134836175	ACMSD
17	rs11080149	31296270	31084555	31296270	211715	1500	213215	True	chr17_31296270	31084555	31297770	OMG
17	rs222852	7237287	7212835	7281773	24452	44486	68938	True	chr17_7237287	7212835	7281773	PHF23
12	rs2270375	109586736	109455329	109603500	131407	16764	148171	True	chr12_109586736	109455329	109603500	MVK
10	rs2282295	102415138	102415138	102415138	1500	1500	3000	True	chr10_102415138	102413638	102416638	PSD
20	rs143230159	6005604	6003768	6032395	1836	26791	28627	True	chr20_6005604	6003768	6032395	CRLS1
2	rs9309428	69465874	69300398	69516134	165476	50260	215736	True	chr2_69465874	69300398	69516134	AAK1
9	rs8181077	17580618	17578504	17581663	2114	1500	3614	True	chr9_17580618	17578504	17582118	SH3GL2
3	rs17046610	7024398	7024398	7024398	1500	1500	3000	True	chr3_7024398	7022898	7025898	GRM7
2	rs13010404	32623787	32308388	32624157	315399	1500	316899	True	chr2_32623787	32308388	32625287	TTC27
4	rs356182	89704960	89704960	89704960	1500	1500	3000	True	chr4_89704960	89703460	89706460	SNCA
17	rs2078050	16091574	15967894	16261243	123680	169669	293349	True	chr17_16091574	15967894	16261243	NCOR1
4	rs4698412	15735725	15715698	15736259	20027	1500	21527	True	chr4_15735725	15715698	15737225	BST1
18	rs12456492	43093415	43092999	43098270	1500	4855	6355	True	chr18_43093415	43091915	43098270	RIT2
17	rs72827590	7594953	7540423	7633209	54530	38256	92786	True	chr17_7594953	7540423	7633209	FXR2
17	rs11871753	61779284	61721744	61819185	57540	39901	97441	True	chr17_61779284	61721744	61819185	BRIP1
2	rs1710669	160967491	160957068	160970693	10423	3202	13625	True	chr2_160967491	160957068	160970693	TANK
3	rs1461806	28658687	28647727	28664645	10960	5958	16918	True	chr3_28658687	28647727	28664645	RBMS3
3	rs3729674	179199217	179100021	179246281	99196	47064	146260	True	chr3_179199217	179100021	179246281	PIK3CA
8	rs11277366	8457501	8450133	8457501	7368	1500	8868	True	chr8_8457501	8450133	8459001	PRAG1
6	rs2647066	32603345	32590090	32643690	13255	40345	53600	True	chr6_32603345	32590090	32643690	HLA-DRB1
12	rs35303786	40320097	40320097	40378773	1500	58676	60176	True	chr12_40320097	40318597	40378773	LRRK2
16	rs8046994	52610012	52591701	52610012	18311	1500	19811	True	chr16_52610012	52591701	52611512	TOX3
10	rs2234962	119670121	119656173	119678700	13948	8579	22527	True	chr10_119670121	119656173	119678700	BAG3
15	rs648397	64604181	64344555	64800991	259626	196810	456436	True	chr15_64604181	64344555	64800991	ZNF609
3	rs1719750116	151946018	151946018	151946018	1500	1500	3000	False	chr3_151946018	151944518	151947518	SUCNR1
14	rs201348288	100746019	100734523	100772926	11496	26907	38403	True	chr14_100746019	100734523	100772926	DLK1
2	rs76116224	17966582	17966582	18016118	1500	49536	51036	True	chr2_17966582	17965082	18016118	KCNS3
10	rs12764899	102875346	102871420	103186912	3926	311566	315492	True	chr10_102875346	102871420	103186912	AS3MT
8	rs34504234	11853604	11842479	11854934	11125	1500	12625	True	chr8_11853604	11842479	11855104	CTSB
2	rs3754541	147901026	147739774	148174165	161252	273139	434391	True	chr2_147901026	147739774	148174165	ACVR2A
5	rs2350640	138443292	138372745	138453298	70547	10006	80553	True	chr5_138443292	138372745	138453298	REEP2
19	rs11669800	32563836	32555256	32722462	8580	158626	167206	True	chr19_32563836	32555256	32722462	PDCD5
16	rs6497339	19266171	19259710	19268142	6461	1971	8432	True	chr16_19266171	19259710	19268142	SYT17
6	rs4713072	27224312	27184466	27249457	39846	25145	64991	True	chr6_27224312	27184466	27249457	POM121L2
6	rs12528068	71778059	71769560	71797583	8499	19524	28023	True	chr6_71778059	71769560	71797583	RIMS1
21	rs11701836	37519947	37396528	37546034	123419	26087	149506	True	chr21_37519947	37396528	37546034	DYRK1A
8	rs620490	16840070	16838782	16856482	1500	16412	17912	True	chr8_16840070	16838570	16856482	FGF20
7	rs6461688	23076996	23070400	23211386	6596	134390	140986	True	chr7_23076996	23070400	23211386	KLHL7
8	rs10087654	1761106	1743839	1776838	17267	15732	32999	True	chr8_1761106	1743839	1776838	CLN8
1	rs72714968	161327996	161278982	161332467	49014	4471	53485	True	chr1_161327996	161278982	161332467	SDHC
3	rs56384862	58410136	58276014	58484624	134122	74488	208610	True	chr3_58410136	58276014	58484624	PXK
3	rs359545	155551064	155527936	155633658	23128	82594	105722	True	chr3_155551064	155527936	155633658	PLCH1
2	rs2102808	168260515	168235432	168299085	25083	38570	63653	True	chr2_168260515	168235432	168299085	STK39
2	rs6749019	31572741	31561567	31586503	11174	13762	24936	True	chr2_31572741	31561567	31586503	SRD5A2
5	rs1867598	60842132	60839029	61193706	3103	351574	354677	True	chr5_60842132	60839029	61193706	ELOVL7
6	rs13340407	111836412	111789325	111900900	47087	64488	111575	True	chr6_111836412	111789325	111900900	FYN
12	rs7350560	107466794	107464807	107493082	1987	26288	28275	True	chr12_107466794	107464807	107493082	ABTB3
18	rs2076574176	34050285	34050285	34050285	1500	1500	3000	False	chr18_34050285	34048785	34051785	NOL4
17	rs2532384	46239844	45577102	46548500	662742	308656	971398	True	chr17_46239844	45577102	46548500	KANSL1
12	rs17443099	40179612	40044167	40421822	135445	242210	377655	True	chr12_40179612	40044167	40421822	LRRK2
3	rs34822404	183028420	183012503	183088155	15917	59735	75652	True	chr3_183028420	183012503	183088155	MCCC1
17	rs12601457	42628829	42549055	42666566	79774	37737	117511	True	chr17_42628829	42549055	42666566	TUBG1
21	rs8130097	45161847	45074202	45215941	87645	54094	141739	True	chr21_45161847	45074202	45215941	ADARB1
21	rs4148103	42221495	42180953	42222328	40542	1500	42042	True	chr21_42221495	42180953	42222995	ABCG1
7	rs6979335	100492237	100393925	100502852	98312	10615	108927	True	chr7_100492237	100393925	100502852	NYAP1
20	rs117517602	50535462	50456605	50594207	78857	58745	137602	True	chr20_50535462	50456605	50594207	PTPN1
11	rs11223628	133930880	133930874	133930880	1500	1500	3000	True	chr11_133930880	133929380	133932380	IGSF9B
17	rs34359486	44402945	44359632	44509951	43313	107006	150319	True	chr17_44402945	44359632	44509951	GPATCH8/GRN
12	rs76904798	40220632	40220632	40221122	1500	1500	3000	True	chr12_40220632	40219132	40222132	LRRK2
21	rs118075805	44366954	44366954	44445354	1500	78400	79900	True	chr21_44366954	44365454	44445354	TRPM2
1	rs377808	52724687	52694462	52873085	30225	148398	178623	True	chr1_52724687	52694462	52873085	ZYG11B
3	rs58088236	121842918	121693029	121849016	149889	6098	155987	True	chr3_121842918	121693029	121849016	EAF2
1	rs3049686	171747480	171684067	171756690	63413	9210	72623	True	chr1_171747480	171684067	171756690	VAMP4
14	rs7155501	54881109	54868344	54893485	12765	12376	25141	True	chr14_54881109	54868344	54893485	GCH1
4	rs59912548	18000605	17864702	18033627	135903	33022	168925	True	chr4_18000605	17864702	18033627	LCORL
6	rs7741241	13664623	13637382	13708948	27241	44325	71566	True	chr6_13664623	13637382	13708948	RANBP9
6	rs1236644794	69763057	69763057	69763057	1500	1500	3000	False	chr6_69763057	69761557	69764557	LMBRD1
12	rs28370650	40006146	39980699	40314520	25447	308374	333821	True	chr12_40006146	39980699	40314520	SLC2A13
12	rs10847864	122842051	122815445	122893823	26606	51772	78378	True	chr12_122842051	122815445	122893823	HIP1R
15	rs35336805	50701476	50508901	50767930	192575	66454	259029	True	chr15_50701476	50508901	50767930	SPPL2A
12	rs933738	49549339	49540782	49769291	8557	219952	228509	True	chr12_49549339	49540782	49769291	KCNH3
1	rs76763715	155235843	155235843	155235843	1500	1500	3000	False	chr1_155235843	155234343	155237343	GBA1
6	rs6913724	27287064	27253111	27328585	33953	41521	75474	True	chr6_27287064	27253111	27328585	POM121L2
5	rs461753	1431099	1425964	1436361	5135	5262	10397	True	chr5_1431099	1425964	1436361	SLC6A3
1	rs12073680	232508908	232508908	232536144	1500	27236	28736	True	chr1_232508908	232507408	232536144	SIPA1L2
1	rs61802091	161419856	161419856	161419856	1500	1500	3000	True	chr1_161419856	161418356	161421356	SDHC
17	rs12941356	17813217	17803791	17832638	9426	19421	28847	True	chr17_17813217	17803791	17832638	SREBF1
4	rs34884217	950422	850993	950422	99429	1500	100929	True	chr4_950422	850993	951922	TMEM175
1	rs7517340	243546888	243500302	243795462	46586	248574	295160	True	chr1_243546888	243500302	243795462	AKT3
2	rs10173157	157798690	157776468	157798690	22222	1500	23722	True	chr2_157798690	157776468	157800190	ACVR1
