chr	rs_lead	lead_hg38	left_raw	right_raw	left_dist	right_dist	size	r2_threshold_x10	1kg
16	rs68040616	28893412	28802464	28984436	90948	91024	181972	4	True
16	rs68040616	28893412	28802464	28944381	90948	50969	141917	5	True
16	rs68040616	28893412	28806466	28914657	86946	21245	108191	6	True
16	rs68040616	28893412	28806716	28910828	86696	17416	104112	7	True
16	rs68040616	28893412	28811719	28910828	81693	17416	99109	8	True
14	rs979812	87997920	87924772	88043911	73148	45991	119139	4	True
14	rs979812	87997920	87924772	88023286	73148	25366	98514	5	True
14	rs979812	87997920	87939555	88023286	58365	25366	83731	6	True
14	rs979812	87997920	87995305	88023286	2615	25366	27981	7	True
14	rs979812	87997920	87997920	88006268	0	8348	8348	8	True
16	rs1861761	50811622	50702030	50811622	109592	0	109592	4	True
16	rs1861761	50811622	50782749	50811622	28873	0	28873	5	True
16	rs1861761	50811622	50808166	50811622	3456	0	3456	6	True
16	rs1861761	50811622	50811622	50811622	0	0	0	7	True
16	rs1861761	50811622	50811622	50811622	0	0	0	8	True
12	rs6582585	46022785	45751072	46061116	271713	38331	310044	4	True
12	rs6582585	46022785	45872133	46061116	150652	38331	188983	5	True
12	rs6582585	46022785	46014288	46051395	8497	28610	37107	6	True
12	rs6582585	46022785	46019810	46025131	2975	2346	5321	7	True
12	rs6582585	46022785	46019810	46025131	2975	2346	5321	8	True
16	rs732172	31038712	30903305	31144137	135407	105425	240832	4	True
16	rs732172	31038712	30994246	31144137	44466	105425	149891	5	True
16	rs732172	31038712	31005649	31115000	33063	76288	109351	6	True
16	rs732172	31038712	31015106	31097969	23606	59257	82863	7	True
16	rs732172	31038712	31037834	31097969	878	59257	60135	8	True
13	rs1995052	97227087	97190747	97262133	36340	35046	71386	4	True
13	rs1995052	97227087	97226571	97242927	516	15840	16356	5	True
13	rs1995052	97227087	97226571	97242927	516	15840	16356	6	True
13	rs1995052	97227087	97227040	97242927	47	15840	15887	7	True
13	rs1995052	97227087	97227087	97240061	0	12974	12974	8	True
2	rs7563891	95326214	95079375	95542204	246839	215990	462829	4	True
2	rs7563891	95326214	95079375	95542204	246839	215990	462829	5	True
2	rs7563891	95326214	95079375	95484475	246839	158261	405100	6	True
2	rs7563891	95326214	95119230	95341247	206984	15033	222017	7	True
2	rs7563891	95326214	95196988	95341247	129226	15033	144259	8	True
2	rs9309337	61536072	61142652	61632113	393420	96041	489461	4	True
2	rs9309337	61536072	61167716	61610812	368356	74740	443096	5	True
2	rs9309337	61536072	61186588	61610812	349484	74740	424224	6	True
2	rs9309337	61536072	61438623	61610812	97449	74740	172189	7	True
2	rs9309337	61536072	61438623	61610812	97449	74740	172189	8	True
8	rs6469273	109633256	109608637	109699802	24619	66546	91165	4	True
8	rs6469273	109633256	109608637	109648429	24619	15173	39792	5	True
8	rs6469273	109633256	109608637	109636043	24619	2787	27406	6	True
8	rs6469273	109633256	109608637	109636043	24619	2787	27406	7	True
8	rs6469273	109633256	109611750	109636043	21506	2787	24293	8	True
14	rs36003317	37749513	37658670	37760887	90843	11374	102217	4	True
14	rs36003317	37749513	37729985	37760887	19528	11374	30902	5	True
14	rs36003317	37749513	37729985	37760887	19528	11374	30902	6	True
14	rs36003317	37749513	37740494	37758166	9019	8653	17672	7	True
14	rs36003317	37749513	37740494	37758166	9019	8653	17672	8	True
21	rs4816690	40577012	40547733	40619811	29279	42799	72078	4	True
21	rs4816690	40577012	40562935	40614074	14077	37062	51139	5	True
21	rs4816690	40577012	40563114	40614074	13898	37062	50960	6	True
21	rs4816690	40577012	40563114	40594051	13898	17039	30937	7	True
21	rs4816690	40577012	40563114	40594051	13898	17039	30937	8	True
1	rs75548401	155236246	155042492	155378408	193754	142162	335916	4	True
1	rs75548401	155236246	155042492	155236246	193754	0	193754	5	True
1	rs75548401	155236246	155236246	155236246	0	0	0	6	True
1	rs75548401	155236246	155236246	155236246	0	0	0	7	True
1	rs75548401	155236246	155236246	155236246	0	0	0	8	True
11	rs12284617	83789062	83776109	83833429	12953	44367	57320	4	True
11	rs12284617	83789062	83776234	83833429	12828	44367	57195	5	True
11	rs12284617	83789062	83789062	83833429	0	44367	44367	6	True
11	rs12284617	83789062	83789062	83831139	0	42077	42077	7	True
11	rs12284617	83789062	83789062	83801111	0	12049	12049	8	True
3	rs11929238	161328149	160946703	161421141	381446	92992	474438	4	True
3	rs11929238	161328149	161048375	161421141	279774	92992	372766	5	True
3	rs11929238	161328149	161100089	161379060	228060	50911	278971	6	True
3	rs11929238	161328149	161159109	161359842	169040	31693	200733	7	True
3	rs11929238	161328149	161221353	161345060	106796	16911	123707	8	True
10	rs1174256174	119856143	119856143	119856143	0	0	0	4	False
10	rs1174256174	119856143	119856143	119856143	0	0	0	5	False
10	rs1174256174	119856143	119856143	119856143	0	0	0	6	False
10	rs1174256174	119856143	119856143	119856143	0	0	0	7	False
10	rs1174256174	119856143	119856143	119856143	0	0	0	8	False
1	rs72712862	161000299	161000299	161067049	0	66750	66750	4	True
1	rs72712862	161000299	161000299	161067049	0	66750	66750	5	True
1	rs72712862	161000299	161000299	161067049	0	66750	66750	6	True
1	rs72712862	161000299	161000299	161067049	0	66750	66750	7	True
1	rs72712862	161000299	161000299	161000299	0	0	0	8	True
17	rs190825568	47535476	47420878	47701379	114598	165903	280501	4	True
17	rs190825568	47535476	47420878	47701379	114598	165903	280501	5	True
17	rs190825568	47535476	47420878	47659208	114598	123732	238330	6	True
17	rs190825568	47535476	47456380	47659208	79096	123732	202828	7	True
17	rs190825568	47535476	47487435	47535476	48041	0	48041	8	True
7	rs80148128	158605408	158595852	158696072	9556	90664	100220	4	True
7	rs80148128	158605408	158595852	158635103	9556	29695	39251	5	True
7	rs80148128	158605408	158595852	158635103	9556	29695	39251	6	True
7	rs80148128	158605408	158595852	158616579	9556	11171	20727	7	True
7	rs80148128	158605408	158595852	158607554	9556	2146	11702	8	True
4	rs2857866	2934914	2847441	2943789	87473	8875	96348	4	True
4	rs2857866	2934914	2847441	2943789	87473	8875	96348	5	True
4	rs2857866	2934914	2847441	2937291	87473	2377	89850	6	True
4	rs2857866	2934914	2847441	2937291	87473	2377	89850	7	True
4	rs2857866	2934914	2847441	2936692	87473	1778	89251	8	True
1	rs12128848	112106855	112028592	112132171	78263	25316	103579	4	True
1	rs12128848	112106855	112046108	112112821	60747	5966	66713	5	True
1	rs12128848	112106855	112061859	112112821	44996	5966	50962	6	True
1	rs12128848	112106855	112069236	112112821	37619	5966	43585	7	True
1	rs12128848	112106855	112069236	112112821	37619	5966	43585	8	True
3	rs10569457	151990484	151980784	152065117	9700	74633	84333	4	True
3	rs10569457	151990484	151980784	152065117	9700	74633	84333	5	True
3	rs10569457	151990484	151980784	152061077	9700	70593	80293	6	True
3	rs10569457	151990484	151987296	152016047	3188	25563	28751	7	True
3	rs10569457	151990484	151987296	151999226	3188	8742	11930	8	True
4	rs28628748	76278760	76264726	76278760	14034	0	14034	4	True
4	rs28628748	76278760	76268227	76278760	10533	0	10533	5	True
4	rs28628748	76278760	76275524	76278760	3236	0	3236	6	True
4	rs28628748	76278760	76275524	76278760	3236	0	3236	7	True
4	rs28628748	76278760	76275524	76278760	3236	0	3236	8	True
4	rs72696649	169711869	169382669	169724388	329200	12519	341719	4	True
4	rs72696649	169711869	169637595	169714485	74274	2616	76890	5	True
4	rs72696649	169711869	169662006	169711869	49863	0	49863	6	True
4	rs72696649	169711869	169662006	169711869	49863	0	49863	7	True
4	rs72696649	169711869	169662006	169711869	49863	0	49863	8	True
8	rs4872005	22672162	22592880	22686645	79282	14483	93765	4	True
8	rs4872005	22672162	22592880	22686645	79282	14483	93765	5	True
8	rs4872005	22672162	22592880	22686645	79282	14483	93765	6	True
8	rs4872005	22672162	22592880	22679688	79282	7526	86808	7	True
8	rs4872005	22672162	22620072	22679688	52090	7526	59616	8	True
11	rs10750027	113721110	113640907	113899633	80203	178523	258726	4	True
11	rs10750027	113721110	113647100	113788294	74010	67184	141194	5	True
11	rs10750027	113721110	113649337	113786107	71773	64997	136770	6	True
11	rs10750027	113721110	113673391	113750072	47719	28962	76681	7	True
11	rs10750027	113721110	113679777	113721110	41333	0	41333	8	True
17	rs8074498	81996668	81940458	82031670	56210	35002	91212	4	True
17	rs8074498	81996668	81948156	82006211	48512	9543	58055	5	True
17	rs8074498	81996668	81948156	82006211	48512	9543	58055	6	True
17	rs8074498	81996668	81953288	82006211	43380	9543	52923	7	True
17	rs8074498	81996668	81964212	82000266	32456	3598	36054	8	True
19	rs1128402	2353152	2330114	2363321	23038	10169	33207	4	True
19	rs1128402	2353152	2330114	2363321	23038	10169	33207	5	True
19	rs1128402	2353152	2339950	2360969	13202	7817	21019	6	True
19	rs1128402	2353152	2339950	2358090	13202	4938	18140	7	True
19	rs1128402	2353152	2352395	2353152	757	0	757	8	True
3	rs144678625	17710565	17280319	17846045	430246	135480	565726	4	True
3	rs144678625	17710565	17280319	17846045	430246	135480	565726	5	True
3	rs144678625	17710565	17280319	17816933	430246	106368	536614	6	True
3	rs144678625	17710565	17280319	17788442	430246	77877	508123	7	True
3	rs144678625	17710565	17316236	17748012	394329	37447	431776	8	True
4	rs13117238	76252761	76225920	76261256	26841	8495	35336	4	True
4	rs13117238	76252761	76225920	76261256	26841	8495	35336	5	True
4	rs13117238	76252761	76228423	76253509	24338	748	25086	6	True
4	rs13117238	76252761	76252761	76253509	0	748	748	7	True
4	rs13117238	76252761	76252761	76253509	0	748	748	8	True
16	rs1971534	52939375	52937867	52951643	1508	12268	13776	4	True
16	rs1971534	52939375	52937867	52951643	1508	12268	13776	5	True
16	rs1971534	52939375	52937867	52951643	1508	12268	13776	6	True
16	rs1971534	52939375	52937867	52951643	1508	12268	13776	7	True
16	rs1971534	52939375	52937867	52951643	1508	12268	13776	8	True
19	rs4802574	49145273	49136745	49151917	8528	6644	15172	4	True
19	rs4802574	49145273	49136745	49151164	8528	5891	14419	5	True
19	rs4802574	49145273	49136745	49151164	8528	5891	14419	6	True
19	rs4802574	49145273	49136745	49151164	8528	5891	14419	7	True
19	rs4802574	49145273	49136745	49151164	8528	5891	14419	8	True
3	rs1768208	39481512	39386514	39546046	94998	64534	159532	4	True
3	rs1768208	39481512	39386514	39525056	94998	43544	138542	5	True
3	rs1768208	39481512	39430804	39493251	50708	11739	62447	6	True
3	rs1768208	39481512	39430804	39493251	50708	11739	62447	7	True
3	rs1768208	39481512	39459821	39493251	21691	11739	33430	8	True
6	rs41316625	29015989	28713058	29456509	302931	440520	743451	4	True
6	rs41316625	29015989	28713058	29229686	302931	213697	516628	5	True
6	rs41316625	29015989	28895821	29195590	120168	179601	299769	6	True
6	rs41316625	29015989	28895821	29195590	120168	179601	299769	7	True
6	rs41316625	29015989	28895821	29195590	120168	179601	299769	8	True
4	rs2301134	89837794	89766969	89914550	70825	76756	147581	4	True
4	rs2301134	89837794	89802424	89898810	35370	61016	96386	5	True
4	rs2301134	89837794	89802424	89898810	35370	61016	96386	6	True
4	rs2301134	89837794	89802424	89859649	35370	21855	57225	7	True
4	rs2301134	89837794	89822180	89856893	15614	19099	34713	8	True
17	rs847680	50146710	50119615	50159289	27095	12579	39674	4	True
17	rs847680	50146710	50123470	50159289	23240	12579	35819	5	True
17	rs847680	50146710	50123470	50159289	23240	12579	35819	6	True
17	rs847680	50146710	50129809	50157050	16901	10340	27241	7	True
17	rs847680	50146710	50146710	50157050	0	10340	10340	8	True
17	rs2243093	4932600	4918697	4995935	13903	63335	77238	4	True
17	rs2243093	4932600	4918697	4995935	13903	63335	77238	5	True
17	rs2243093	4932600	4921558	4935738	11042	3138	14180	6	True
17	rs2243093	4932600	4921558	4935738	11042	3138	14180	7	True
17	rs2243093	4932600	4921558	4935738	11042	3138	14180	8	True
5	rs246814	76303383	76273162	76325976	30221	22593	52814	4	True
5	rs246814	76303383	76273162	76323642	30221	20259	50480	5	True
5	rs246814	76303383	76273162	76310353	30221	6970	37191	6	True
5	rs246814	76303383	76273162	76303780	30221	397	30618	7	True
5	rs246814	76303383	76273162	76303780	30221	397	30618	8	True
13	rs1805097	109782884	109749719	109810910	33165	28026	61191	4	True
13	rs1805097	109782884	109749719	109810910	33165	28026	61191	5	True
13	rs1805097	109782884	109761589	109810910	21295	28026	49321	6	True
13	rs1805097	109782884	109772151	109810910	10733	28026	38759	7	True
13	rs1805097	109782884	109779279	109810821	3605	27937	31542	8	True
10	rs10796307	15507549	15496219	15566806	11330	59257	70587	4	True
10	rs10796307	15507549	15496219	15563767	11330	56218	67548	5	True
10	rs10796307	15507549	15507549	15555896	0	48347	48347	6	True
10	rs10796307	15507549	15507549	15532752	0	25203	25203	7	True
10	rs10796307	15507549	15507549	15527599	0	20050	20050	8	True
16	rs8058190	1666009	1543644	1711318	122365	45309	167674	4	True
16	rs8058190	1666009	1600945	1666009	65064	0	65064	5	True
16	rs8058190	1666009	1666009	1666009	0	0	0	6	True
16	rs8058190	1666009	1666009	1666009	0	0	0	7	True
16	rs8058190	1666009	1666009	1666009	0	0	0	8	True
4	rs34311866	958159	858525	997404	99634	39245	138879	4	True
4	rs34311866	958159	948651	981471	9508	23312	32820	5	True
4	rs34311866	958159	958159	979248	0	21089	21089	6	True
4	rs34311866	958159	958159	958159	0	0	0	7	True
4	rs34311866	958159	958159	958159	0	0	0	8	True
7	rs2127183	95711872	95652761	95715240	59111	3368	62479	4	True
7	rs2127183	95711872	95694202	95711872	17670	0	17670	5	True
7	rs2127183	95711872	95694202	95711872	17670	0	17670	6	True
7	rs2127183	95711872	95694202	95711872	17670	0	17670	7	True
7	rs2127183	95711872	95694202	95711872	17670	0	17670	8	True
12	rs61754230	71785666	71749245	71908267	36421	122601	159022	4	True
12	rs61754230	71785666	71749245	71832571	36421	46905	83326	5	True
12	rs61754230	71785666	71785666	71785666	0	0	0	6	True
12	rs61754230	71785666	71785666	71785666	0	0	0	7	True
12	rs61754230	71785666	71785666	71785666	0	0	0	8	True
5	rs10054911	80530472	80386845	80551107	143627	20635	164262	4	True
5	rs10054911	80530472	80517558	80551107	12914	20635	33549	5	True
5	rs10054911	80530472	80517558	80551107	12914	20635	33549	6	True
5	rs10054911	80530472	80520095	80551107	10377	20635	31012	7	True
5	rs10054911	80530472	80520095	80544689	10377	14217	24594	8	True
10	rs144814361	119651405	119536372	119950976	115033	299571	414604	4	True
10	rs144814361	119651405	119651405	119651405	0	0	0	5	True
10	rs144814361	119651405	119651405	119651405	0	0	0	6	True
10	rs144814361	119651405	119651405	119651405	0	0	0	7	True
10	rs144814361	119651405	119651405	119651405	0	0	0	8	True
20	rs35428411	31805133	31478553	31861522	326580	56389	382969	4	True
20	rs35428411	31805133	31489687	31846281	315446	41148	356594	5	True
20	rs35428411	31805133	31496612	31846281	308521	41148	349669	6	True
20	rs35428411	31805133	31621397	31838494	183736	33361	217097	7	True
20	rs35428411	31805133	31647499	31833421	157634	28288	185922	8	True
12	rs2286028	906303	830314	942701	75989	36398	112387	4	True
12	rs2286028	906303	871759	942701	34544	36398	70942	5	True
12	rs2286028	906303	871759	942701	34544	36398	70942	6	True
12	rs2286028	906303	871759	942701	34544	36398	70942	7	True
12	rs2286028	906303	871759	942701	34544	36398	70942	8	True
15	rs4774417	61701503	61696305	61705400	5198	3897	9095	4	True
15	rs4774417	61701503	61696305	61705400	5198	3897	9095	5	True
15	rs4774417	61701503	61696305	61705400	5198	3897	9095	6	True
15	rs4774417	61701503	61696305	61705400	5198	3897	9095	7	True
15	rs4774417	61701503	61700144	61705400	1359	3897	5256	8	True
4	rs77186370	940049	900845	975670	39204	35621	74825	4	True
4	rs77186370	940049	940049	940920	0	871	871	5	True
4	rs77186370	940049	940049	940049	0	0	0	6	True
4	rs77186370	940049	940049	940049	0	0	0	7	True
4	rs77186370	940049	940049	940049	0	0	0	8	True
5	rs11241774	124872055	124868255	124953598	3800	81543	85343	4	True
5	rs11241774	124872055	124868255	124943761	3800	71706	75506	5	True
5	rs11241774	124872055	124868255	124912325	3800	40270	44070	6	True
5	rs11241774	124872055	124868255	124896003	3800	23948	27748	7	True
5	rs11241774	124872055	124868255	124882499	3800	10444	14244	8	True
6	rs146617529	132828914	132759354	133104947	69560	276033	345593	4	True
6	rs146617529	132828914	132766401	133039872	62513	210958	273471	5	True
6	rs146617529	132828914	132766401	132958374	62513	129460	191973	6	True
6	rs146617529	132828914	132766401	132907447	62513	78533	141046	7	True
6	rs146617529	132828914	132766401	132907447	62513	78533	141046	8	True
2	rs12618884	168129365	168084534	168135157	44831	5792	50623	4	True
2	rs12618884	168129365	168084534	168135157	44831	5792	50623	5	True
2	rs12618884	168129365	168091701	168134246	37664	4881	42545	6	True
2	rs12618884	168129365	168093262	168133797	36103	4432	40535	7	True
2	rs12618884	168129365	168096906	168133797	32459	4432	36891	8	True
4	rs13117519	113447909	113419207	113527500	28702	79591	108293	4	True
4	rs13117519	113447909	113419207	113508251	28702	60342	89044	5	True
4	rs13117519	113447909	113419207	113480214	28702	32305	61007	6	True
4	rs13117519	113447909	113419207	113459638	28702	11729	40431	7	True
4	rs13117519	113447909	113419207	113451324	28702	3415	32117	8	True
13	rs1198499	49341314	49341255	49390921	59	49607	49666	4	True
13	rs1198499	49341314	49341314	49390921	0	49607	49607	5	True
13	rs1198499	49341314	49341314	49390921	0	49607	49607	6	True
13	rs1198499	49341314	49341314	49346889	0	5575	5575	7	True
13	rs1198499	49341314	49341314	49346889	0	5575	5575	8	True
17	rs5848	44352876	44350176	44377654	2700	24778	27478	4	True
17	rs5848	44352876	44352876	44376902	0	24026	24026	5	True
17	rs5848	44352876	44352876	44376902	0	24026	24026	6	True
17	rs5848	44352876	44352876	44360386	0	7510	7510	7	True
17	rs5848	44352876	44352876	44352876	0	0	0	8	True
1	rs10495249	226731418	226715834	226737174	15584	5756	21340	4	True
1	rs10495249	226731418	226725055	226737174	6363	5756	12119	5	True
1	rs10495249	226731418	226725055	226737174	6363	5756	12119	6	True
1	rs10495249	226731418	226725055	226737174	6363	5756	12119	7	True
1	rs10495249	226731418	226728377	226737174	3041	5756	8797	8	True
3	rs11717169	151405709	151372636	151414817	33073	9108	42181	4	True
3	rs11717169	151405709	151372636	151414817	33073	9108	42181	5	True
3	rs11717169	151405709	151372636	151414817	33073	9108	42181	6	True
3	rs11717169	151405709	151372636	151414817	33073	9108	42181	7	True
3	rs11717169	151405709	151372636	151414817	33073	9108	42181	8	True
2	rs12478701	23718478	23661340	24139092	57138	420614	477752	4	True
2	rs12478701	23718478	23661876	24031978	56602	313500	370102	5	True
2	rs12478701	23718478	23687285	24029566	31193	311088	342281	6	True
2	rs12478701	23718478	23689842	24004580	28636	286102	314738	7	True
2	rs12478701	23718478	23696505	23974061	21973	255583	277556	8	True
19	rs8105994	18482743	18400115	18526384	82628	43641	126269	4	True
19	rs8105994	18482743	18406696	18526384	76047	43641	119688	5	True
19	rs8105994	18482743	18409187	18526384	73556	43641	117197	6	True
19	rs8105994	18482743	18410055	18526384	72688	43641	116329	7	True
19	rs8105994	18482743	18419351	18520522	63392	37779	101171	8	True
17	rs58426209	68281293	68260836	68305354	20457	24061	44518	4	True
17	rs58426209	68281293	68260836	68305354	20457	24061	44518	5	True
17	rs58426209	68281293	68269919	68304107	11374	22814	34188	6	True
17	rs58426209	68281293	68269919	68292630	11374	11337	22711	7	True
17	rs58426209	68281293	68273252	68292630	8041	11337	19378	8	True
2	rs60954733	101170053	101060201	101203466	109852	33413	143265	4	True
2	rs60954733	101170053	101080187	101203204	89866	33151	123017	5	True
2	rs60954733	101170053	101118873	101202597	51180	32544	83724	6	True
2	rs60954733	101170053	101120917	101200246	49136	30193	79329	7	True
2	rs60954733	101170053	101163152	101170053	6901	0	6901	8	True
8	rs2663613	129873161	129841201	129935409	31960	62248	94208	4	True
8	rs2663613	129873161	129841201	129935409	31960	62248	94208	5	True
8	rs2663613	129873161	129841201	129935409	31960	62248	94208	6	True
8	rs2663613	129873161	129841201	129935409	31960	62248	94208	7	True
8	rs2663613	129873161	129841201	129935409	31960	62248	94208	8	True
12	rs34637584	40340400	40340400	40340400	0	0	0	4	False
12	rs34637584	40340400	40340400	40340400	0	0	0	5	False
12	rs34637584	40340400	40340400	40340400	0	0	0	6	False
12	rs34637584	40340400	40340400	40340400	0	0	0	7	False
12	rs34637584	40340400	40340400	40340400	0	0	0	8	False
1	rs708723	205770138	205694865	205793818	75273	23680	98953	4	True
1	rs708723	205770138	205708020	205793818	62118	23680	85798	5	True
1	rs708723	205770138	205750404	205788696	19734	18558	38292	6	True
1	rs708723	205770138	205750404	205770138	19734	0	19734	7	True
1	rs708723	205770138	205750404	205770138	19734	0	19734	8	True
1	rs2230288	155236376	154941247	156038197	295129	801821	1096950	4	True
1	rs2230288	155236376	154941247	155924191	295129	687815	982944	5	True
1	rs2230288	155236376	154941247	155924191	295129	687815	982944	6	True
1	rs2230288	155236376	154941247	155924191	295129	687815	982944	7	True
1	rs2230288	155236376	155015779	155924191	220597	687815	908412	8	True
9	rs1536072	17701891	17630429	17735709	71462	33818	105280	4	True
9	rs1536072	17701891	17668882	17735709	33009	33818	66827	5	True
9	rs1536072	17701891	17684786	17735085	17105	33194	50299	6	True
9	rs1536072	17701891	17684786	17735085	17105	33194	50299	7	True
9	rs1536072	17701891	17697097	17734642	4794	32751	37545	8	True
17	rs72843781	62016181	61821838	62111782	194343	95601	289944	4	True
17	rs72843781	62016181	61833839	62081067	182342	64886	247228	5	True
17	rs72843781	62016181	61886550	62065845	129631	49664	179295	6	True
17	rs72843781	62016181	62016181	62016181	0	0	0	7	True
17	rs72843781	62016181	62016181	62016181	0	0	0	8	True
4	rs75739600	169996341	169952137	170259410	44204	263069	307273	4	True
4	rs75739600	169996341	169955415	170074718	40926	78377	119303	5	True
4	rs75739600	169996341	169965443	170070787	30898	74446	105344	6	True
4	rs75739600	169996341	169965443	170026401	30898	30060	60958	7	True
4	rs75739600	169996341	169996341	169996341	0	0	0	8	True
1	rs72712893	161067049	161067049	161067049	0	0	0	4	True
1	rs72712893	161067049	161067049	161067049	0	0	0	5	True
1	rs72712893	161067049	161067049	161067049	0	0	0	6	True
1	rs72712893	161067049	161067049	161067049	0	0	0	7	True
1	rs72712893	161067049	161067049	161067049	0	0	0	8	True
9	rs13296299	34154849	34151199	34379694	3650	224845	228495	4	True
9	rs13296299	34154849	34151199	34379694	3650	224845	228495	5	True
9	rs13296299	34154849	34152466	34358895	2383	204046	206429	6	True
9	rs13296299	34154849	34152466	34255269	2383	100420	102803	7	True
9	rs13296299	34154849	34152466	34156814	2383	1965	4348	8	True
12	rs7964712	100991017	100991017	101022095	0	31078	31078	4	True
12	rs7964712	100991017	100991017	101022095	0	31078	31078	5	True
12	rs7964712	100991017	100991017	101022095	0	31078	31078	6	True
12	rs7964712	100991017	100991017	100991017	0	0	0	7	True
12	rs7964712	100991017	100991017	100991017	0	0	0	8	True
3	rs73034368	18247575	18010710	18341807	236865	94232	331097	4	True
3	rs73034368	18247575	18010710	18320267	236865	72692	309557	5	True
3	rs73034368	18247575	18208414	18320267	39161	72692	111853	6	True
3	rs73034368	18247575	18208414	18320267	39161	72692	111853	7	True
3	rs73034368	18247575	18208414	18320267	39161	72692	111853	8	True
17	rs143392722	78425279	78412288	78437817	12991	12538	25529	4	True
17	rs143392722	78425279	78412288	78434934	12991	9655	22646	5	True
17	rs143392722	78425279	78417991	78433766	7288	8487	15775	6	True
17	rs143392722	78425279	78419072	78433680	6207	8401	14608	7	True
17	rs143392722	78425279	78419072	78433680	6207	8401	14608	8	True
20	rs55785911	3172857	3168074	3194910	4783	22053	26836	4	True
20	rs55785911	3172857	3168074	3189526	4783	16669	21452	5	True
20	rs55785911	3172857	3168074	3189526	4783	16669	21452	6	True
20	rs55785911	3172857	3168074	3182073	4783	9216	13999	7	True
20	rs55785911	3172857	3168074	3172857	4783	0	4783	8	True
15	rs34631560	88973692	88916372	88996079	57320	22387	79707	4	True
15	rs34631560	88973692	88922303	88978760	51389	5068	56457	5	True
15	rs34631560	88973692	88922303	88978760	51389	5068	56457	6	True
15	rs34631560	88973692	88953480	88977429	20212	3737	23949	7	True
15	rs34631560	88973692	88962305	88977429	11387	3737	15124	8	True
6	rs60740436	20023315	20008409	20034550	14906	11235	26141	4	True
6	rs60740436	20023315	20008409	20023419	14906	104	15010	5	True
6	rs60740436	20023315	20012854	20023419	10461	104	10565	6	True
6	rs60740436	20023315	20012854	20023419	10461	104	10565	7	True
6	rs60740436	20023315	20013858	20023315	9457	0	9457	8	True
2	rs6758044	134834675	134587998	134947988	246677	113313	359990	4	True
2	rs6758044	134834675	134587998	134834675	246677	0	246677	5	True
2	rs6758044	134834675	134587998	134834675	246677	0	246677	6	True
2	rs6758044	134834675	134693732	134834675	140943	0	140943	7	True
2	rs6758044	134834675	134757922	134834675	76753	0	76753	8	True
17	rs11080149	31296270	31084555	31367904	211715	71634	283349	4	True
17	rs11080149	31296270	31084555	31296270	211715	0	211715	5	True
17	rs11080149	31296270	31084555	31296270	211715	0	211715	6	True
17	rs11080149	31296270	31084555	31296270	211715	0	211715	7	True
17	rs11080149	31296270	31084555	31296270	211715	0	211715	8	True
17	rs222852	7237287	7199755	7290942	37532	53655	91187	4	True
17	rs222852	7237287	7212835	7281773	24452	44486	68938	5	True
17	rs222852	7237287	7212835	7281773	24452	44486	68938	6	True
17	rs222852	7237287	7212835	7276955	24452	39668	64120	7	True
17	rs222852	7237287	7235919	7268009	1368	30722	32090	8	True
12	rs2270375	109586736	109446562	109608307	140174	21571	161745	4	True
12	rs2270375	109586736	109453937	109608307	132799	21571	154370	5	True
12	rs2270375	109586736	109455329	109603500	131407	16764	148171	6	True
12	rs2270375	109586736	109565867	109603052	20869	16316	37185	7	True
12	rs2270375	109586736	109565867	109586736	20869	0	20869	8	True
10	rs2282295	102415138	102177417	102448399	237721	33261	270982	4	True
10	rs2282295	102415138	102245653	102415138	169485	0	169485	5	True
10	rs2282295	102415138	102415138	102415138	0	0	0	6	True
10	rs2282295	102415138	102415138	102415138	0	0	0	7	True
10	rs2282295	102415138	102415138	102415138	0	0	0	8	True
20	rs143230159	6005604	6003768	6048906	1836	43302	45138	4	True
20	rs143230159	6005604	6003768	6042918	1836	37314	39150	5	True
20	rs143230159	6005604	6003768	6032395	1836	26791	28627	6	True
20	rs143230159	6005604	6005604	6032395	0	26791	26791	7	True
20	rs143230159	6005604	6005604	6032395	0	26791	26791	8	True
2	rs9309428	69465874	69297461	69534697	168413	68823	237236	4	True
2	rs9309428	69465874	69298791	69516134	167083	50260	217343	5	True
2	rs9309428	69465874	69300398	69516134	165476	50260	215736	6	True
2	rs9309428	69465874	69410087	69498908	55787	33034	88821	7	True
2	rs9309428	69465874	69438084	69492724	27790	26850	54640	8	True
9	rs8181077	17580618	17569343	17585898	11275	5280	16555	4	True
9	rs8181077	17580618	17578504	17581663	2114	1045	3159	5	True
9	rs8181077	17580618	17578504	17581663	2114	1045	3159	6	True
9	rs8181077	17580618	17579692	17581663	926	1045	1971	7	True
9	rs8181077	17580618	17580618	17581663	0	1045	1045	8	True
3	rs17046610	7024398	7024398	7024398	0	0	0	4	True
3	rs17046610	7024398	7024398	7024398	0	0	0	5	True
3	rs17046610	7024398	7024398	7024398	0	0	0	6	True
3	rs17046610	7024398	7024398	7024398	0	0	0	7	True
3	rs17046610	7024398	7024398	7024398	0	0	0	8	True
2	rs13010404	32623787	32274081	32635960	349706	12173	361879	4	True
2	rs13010404	32623787	32277426	32624157	346361	370	346731	5	True
2	rs13010404	32623787	32308388	32624157	315399	370	315769	6	True
2	rs13010404	32623787	32510976	32624157	112811	370	113181	7	True
2	rs13010404	32623787	32611295	32624157	12492	370	12862	8	True
4	rs356182	89704960	89704947	89752619	13	47659	47672	4	True
4	rs356182	89704960	89704960	89704960	0	0	0	5	True
4	rs356182	89704960	89704960	89704960	0	0	0	6	True
4	rs356182	89704960	89704960	89704960	0	0	0	7	True
4	rs356182	89704960	89704960	89704960	0	0	0	8	True
17	rs2078050	16091574	15967087	16336790	124487	245216	369703	4	True
17	rs2078050	16091574	15967894	16322192	123680	230618	354298	5	True
17	rs2078050	16091574	15967894	16261243	123680	169669	293349	6	True
17	rs2078050	16091574	16003077	16243345	88497	151771	240268	7	True
17	rs2078050	16091574	16026773	16205643	64801	114069	178870	8	True
4	rs4698412	15735725	15707878	15741709	27847	5984	33831	4	True
4	rs4698412	15735725	15710927	15741709	24798	5984	30782	5	True
4	rs4698412	15735725	15715698	15736259	20027	534	20561	6	True
4	rs4698412	15735725	15728523	15736259	7202	534	7736	7	True
4	rs4698412	15735725	15728523	15736259	7202	534	7736	8	True
18	rs12456492	43093415	43073821	43111498	19594	18083	37677	4	True
18	rs12456492	43093415	43092999	43106210	416	12795	13211	5	True
18	rs12456492	43093415	43092999	43098270	416	4855	5271	6	True
18	rs12456492	43093415	43092999	43098270	416	4855	5271	7	True
18	rs12456492	43093415	43092999	43098270	416	4855	5271	8	True
17	rs72827590	7594953	7540423	7633209	54530	38256	92786	4	True
17	rs72827590	7594953	7540423	7633209	54530	38256	92786	5	True
17	rs72827590	7594953	7540423	7633209	54530	38256	92786	6	True
17	rs72827590	7594953	7544319	7633209	50634	38256	88890	7	True
17	rs72827590	7594953	7566290	7633209	28663	38256	66919	8	True
17	rs11871753	61779284	61613211	61820094	166073	40810	206883	4	True
17	rs11871753	61779284	61619371	61819185	159913	39901	199814	5	True
17	rs11871753	61779284	61721744	61819185	57540	39901	97441	6	True
17	rs11871753	61779284	61732276	61817347	47008	38063	85071	7	True
17	rs11871753	61779284	61749134	61779914	30150	630	30780	8	True
2	rs1710669	160967491	160934045	161008290	33446	40799	74245	4	True
2	rs1710669	160967491	160957068	160970693	10423	3202	13625	5	True
2	rs1710669	160967491	160957068	160970693	10423	3202	13625	6	True
2	rs1710669	160967491	160957068	160970693	10423	3202	13625	7	True
2	rs1710669	160967491	160957068	160970693	10423	3202	13625	8	True
3	rs1461806	28658687	28635822	28670613	22865	11926	34791	4	True
3	rs1461806	28658687	28647727	28670613	10960	11926	22886	5	True
3	rs1461806	28658687	28647727	28664645	10960	5958	16918	6	True
3	rs1461806	28658687	28647727	28664645	10960	5958	16918	7	True
3	rs1461806	28658687	28647727	28664645	10960	5958	16918	8	True
3	rs3729674	179199217	179078111	179249792	121106	50575	171681	4	True
3	rs3729674	179199217	179098324	179246281	100893	47064	147957	5	True
3	rs3729674	179199217	179100021	179246281	99196	47064	146260	6	True
3	rs3729674	179199217	179100021	179246244	99196	47027	146223	7	True
3	rs3729674	179199217	179100681	179245797	98536	46580	145116	8	True
8	rs11277366	8457501	8423632	8529585	33869	72084	105953	4	True
8	rs11277366	8457501	8444284	8480637	13217	23136	36353	5	True
8	rs11277366	8457501	8450133	8457501	7368	0	7368	6	True
8	rs11277366	8457501	8457501	8457501	0	0	0	7	True
8	rs11277366	8457501	8457501	8457501	0	0	0	8	True
6	rs2647066	32603345	32587768	32660935	15577	57590	73167	4	True
6	rs2647066	32603345	32590090	32660371	13255	57026	70281	5	True
6	rs2647066	32603345	32590090	32643690	13255	40345	53600	6	True
6	rs2647066	32603345	32591396	32634784	11949	31439	43388	7	True
6	rs2647066	32603345	32591396	32617117	11949	13772	25721	8	True
12	rs35303786	40320097	40320097	40378773	0	58676	58676	4	True
12	rs35303786	40320097	40320097	40378773	0	58676	58676	5	True
12	rs35303786	40320097	40320097	40378773	0	58676	58676	6	True
12	rs35303786	40320097	40320097	40378773	0	58676	58676	7	True
12	rs35303786	40320097	40320097	40378773	0	58676	58676	8	True
16	rs8046994	52610012	52590586	52616997	19426	6985	26411	4	True
16	rs8046994	52610012	52591288	52616717	18724	6705	25429	5	True
16	rs8046994	52610012	52591701	52610012	18311	0	18311	6	True
16	rs8046994	52610012	52591701	52610012	18311	0	18311	7	True
16	rs8046994	52610012	52591701	52610012	18311	0	18311	8	True
10	rs2234962	119670121	119656173	119678700	13948	8579	22527	4	True
10	rs2234962	119670121	119656173	119678700	13948	8579	22527	5	True
10	rs2234962	119670121	119656173	119678700	13948	8579	22527	6	True
10	rs2234962	119670121	119656173	119674163	13948	4042	17990	7	True
10	rs2234962	119670121	119656173	119674163	13948	4042	17990	8	True
15	rs648397	64604181	64164368	64817536	439813	213355	653168	4	True
15	rs648397	64604181	64332253	64806235	271928	202054	473982	5	True
15	rs648397	64604181	64344555	64800991	259626	196810	456436	6	True
15	rs648397	64604181	64400456	64800991	203725	196810	400535	7	True
15	rs648397	64604181	64400456	64800991	203725	196810	400535	8	True
3	rs1719750116	151946018	151946018	151946018	0	0	0	4	False
3	rs1719750116	151946018	151946018	151946018	0	0	0	5	False
3	rs1719750116	151946018	151946018	151946018	0	0	0	6	False
3	rs1719750116	151946018	151946018	151946018	0	0	0	7	False
3	rs1719750116	151946018	151946018	151946018	0	0	0	8	False
14	rs201348288	100746019	100734523	100774368	11496	28349	39845	4	True
14	rs201348288	100746019	100734523	100774368	11496	28349	39845	5	True
14	rs201348288	100746019	100734523	100772926	11496	26907	38403	6	True
14	rs201348288	100746019	100734523	100747446	11496	1427	12923	7	True
14	rs201348288	100746019	100737486	100747446	8533	1427	9960	8	True
2	rs76116224	17966582	17966582	18016118	0	49536	49536	4	True
2	rs76116224	17966582	17966582	18016118	0	49536	49536	5	True
2	rs76116224	17966582	17966582	18016118	0	49536	49536	6	True
2	rs76116224	17966582	17966582	17966582	0	0	0	7	True
2	rs76116224	17966582	17966582	17966582	0	0	0	8	True
10	rs12764899	102875346	102825648	103199431	49698	324085	373783	4	True
10	rs12764899	102875346	102825648	103186912	49698	311566	361264	5	True
10	rs12764899	102875346	102871420	103186912	3926	311566	315492	6	True
10	rs12764899	102875346	102871420	102875863	3926	517	4443	7	True
10	rs12764899	102875346	102871420	102875863	3926	517	4443	8	True
8	rs34504234	11853604	11826355	11855130	27249	1526	28775	4	True
8	rs34504234	11853604	11827944	11855130	25660	1526	27186	5	True
8	rs34504234	11853604	11842479	11854934	11125	1330	12455	6	True
8	rs34504234	11853604	11842479	11854593	11125	989	12114	7	True
8	rs34504234	11853604	11853604	11854593	0	989	989	8	True
2	rs3754541	147901026	147733287	148200564	167739	299538	467277	4	True
2	rs3754541	147901026	147739774	148200564	161252	299538	460790	5	True
2	rs3754541	147901026	147739774	148174165	161252	273139	434391	6	True
2	rs3754541	147901026	147748820	148128504	152206	227478	379684	7	True
2	rs3754541	147901026	147779492	148128504	121534	227478	349012	8	True
5	rs2350640	138443292	138298163	138453298	145129	10006	155135	4	True
5	rs2350640	138443292	138358302	138453298	84990	10006	94996	5	True
5	rs2350640	138443292	138372745	138453298	70547	10006	80553	6	True
5	rs2350640	138443292	138426862	138451296	16430	8004	24434	7	True
5	rs2350640	138443292	138442860	138448565	432	5273	5705	8	True
19	rs11669800	32563836	32555256	32916922	8580	353086	361666	4	True
19	rs11669800	32563836	32555256	32816313	8580	252477	261057	5	True
19	rs11669800	32563836	32555256	32722462	8580	158626	167206	6	True
19	rs11669800	32563836	32555256	32691956	8580	128120	136700	7	True
19	rs11669800	32563836	32555256	32563836	8580	0	8580	8	True
16	rs6497339	19266171	19233102	19268217	33069	2046	35115	4	True
16	rs6497339	19266171	19246376	19268142	19795	1971	21766	5	True
16	rs6497339	19266171	19259710	19268142	6461	1971	8432	6	True
16	rs6497339	19266171	19266171	19268142	0	1971	1971	7	True
16	rs6497339	19266171	19266171	19266171	0	0	0	8	True
6	rs4713072	27224312	27112681	27322303	111631	97991	209622	4	True
6	rs4713072	27224312	27160528	27253111	63784	28799	92583	5	True
6	rs4713072	27224312	27184466	27249457	39846	25145	64991	6	True
6	rs4713072	27224312	27187695	27249457	36617	25145	61762	7	True
6	rs4713072	27224312	27187695	27249457	36617	25145	61762	8	True
6	rs12528068	71778059	71769560	71820706	8499	42647	51146	4	True
6	rs12528068	71778059	71769560	71804212	8499	26153	34652	5	True
6	rs12528068	71778059	71769560	71797583	8499	19524	28023	6	True
6	rs12528068	71778059	71778059	71780252	0	2193	2193	7	True
6	rs12528068	71778059	71778059	71780252	0	2193	2193	8	True
21	rs11701836	37519947	37342726	37552214	177221	32267	209488	4	True
21	rs11701836	37519947	37352009	37552214	167938	32267	200205	5	True
21	rs11701836	37519947	37396528	37546034	123419	26087	149506	6	True
21	rs11701836	37519947	37446107	37527140	73840	7193	81033	7	True
21	rs11701836	37519947	37448996	37527140	70951	7193	78144	8	True
8	rs620490	16840070	16837909	16881618	2161	41548	43709	4	True
8	rs620490	16840070	16837909	16866923	2161	26853	29014	5	True
8	rs620490	16840070	16838782	16856482	1288	16412	17700	6	True
8	rs620490	16840070	16838782	16856482	1288	16412	17700	7	True
8	rs620490	16840070	16838782	16845160	1288	5090	6378	8	True
7	rs6461688	23076996	23070400	23351890	6596	274894	281490	4	True
7	rs6461688	23076996	23070400	23282797	6596	205801	212397	5	True
7	rs6461688	23076996	23070400	23211386	6596	134390	140986	6	True
7	rs6461688	23076996	23076347	23154986	649	77990	78639	7	True
7	rs6461688	23076996	23076347	23076996	649	0	649	8	True
8	rs10087654	1761106	1743294	1804937	17812	43831	61643	4	True
8	rs10087654	1761106	1743839	1803313	17267	42207	59474	5	True
8	rs10087654	1761106	1743839	1776838	17267	15732	32999	6	True
8	rs10087654	1761106	1751773	1768450	9333	7344	16677	7	True
8	rs10087654	1761106	1752454	1762811	8652	1705	10357	8	True
1	rs72714968	161327996	161278982	161332467	49014	4471	53485	4	True
1	rs72714968	161327996	161278982	161332467	49014	4471	53485	5	True
1	rs72714968	161327996	161278982	161332467	49014	4471	53485	6	True
1	rs72714968	161327996	161327996	161332467	0	4471	4471	7	True
1	rs72714968	161327996	161327996	161332467	0	4471	4471	8	True
3	rs56384862	58410136	58229429	58493627	180707	83491	264198	4	True
3	rs56384862	58410136	58242712	58488172	167424	78036	245460	5	True
3	rs56384862	58410136	58276014	58484624	134122	74488	208610	6	True
3	rs56384862	58410136	58276014	58471084	134122	60948	195070	7	True
3	rs56384862	58410136	58306852	58471084	103284	60948	164232	8	True
3	rs359545	155551064	155526952	155707397	24112	156333	180445	4	True
3	rs359545	155551064	155527643	155637786	23421	86722	110143	5	True
3	rs359545	155551064	155527936	155633658	23128	82594	105722	6	True
3	rs359545	155551064	155527936	155551064	23128	0	23128	7	True
3	rs359545	155551064	155550338	155551064	726	0	726	8	True
2	rs2102808	168260515	168235432	168303179	25083	42664	67747	4	True
2	rs2102808	168260515	168235432	168303179	25083	42664	67747	5	True
2	rs2102808	168260515	168235432	168299085	25083	38570	63653	6	True
2	rs2102808	168260515	168235432	168277286	25083	16771	41854	7	True
2	rs2102808	168260515	168247489	168277286	13026	16771	29797	8	True
2	rs6749019	31572741	31509075	31783154	63666	210413	274079	4	True
2	rs6749019	31572741	31532977	31649975	39764	77234	116998	5	True
2	rs6749019	31572741	31561567	31586503	11174	13762	24936	6	True
2	rs6749019	31572741	31572741	31585905	0	13164	13164	7	True
2	rs6749019	31572741	31572741	31585905	0	13164	13164	8	True
5	rs1867598	60842132	60775452	61198117	66680	355985	422665	4	True
5	rs1867598	60842132	60839029	61198117	3103	355985	359088	5	True
5	rs1867598	60842132	60839029	61193706	3103	351574	354677	6	True
5	rs1867598	60842132	60839029	61071799	3103	229667	232770	7	True
5	rs1867598	60842132	60842132	60994859	0	152727	152727	8	True
6	rs13340407	111836412	111630899	111951602	205513	115190	320703	4	True
6	rs13340407	111836412	111789325	111930255	47087	93843	140930	5	True
6	rs13340407	111836412	111789325	111900900	47087	64488	111575	6	True
6	rs13340407	111836412	111789325	111892017	47087	55605	102692	7	True
6	rs13340407	111836412	111793046	111892017	43366	55605	98971	8	True
12	rs7350560	107466794	107457061	107502128	9733	35334	45067	4	True
12	rs7350560	107466794	107464807	107494433	1987	27639	29626	5	True
12	rs7350560	107466794	107464807	107493082	1987	26288	28275	6	True
12	rs7350560	107466794	107464807	107492763	1987	25969	27956	7	True
12	rs7350560	107466794	107466794	107469839	0	3045	3045	8	True
18	rs2076574176	34050285	34050285	34050285	0	0	0	4	False
18	rs2076574176	34050285	34050285	34050285	0	0	0	5	False
18	rs2076574176	34050285	34050285	34050285	0	0	0	6	False
18	rs2076574176	34050285	34050285	34050285	0	0	0	7	False
18	rs2076574176	34050285	34050285	34050285	0	0	0	8	False
17	rs2532384	46239844	45532400	46784796	707444	544952	1252396	4	True
17	rs2532384	46239844	45577102	46751565	662742	511721	1174463	5	True
17	rs2532384	46239844	45577102	46548500	662742	308656	971398	6	True
17	rs2532384	46239844	45856307	46291954	383537	52110	435647	7	True
17	rs2532384	46239844	45961677	46291848	278167	52004	330171	8	True
12	rs17443099	40179612	40044167	40421822	135445	242210	377655	4	True
12	rs17443099	40179612	40044167	40421822	135445	242210	377655	5	True
12	rs17443099	40179612	40044167	40421822	135445	242210	377655	6	True
12	rs17443099	40179612	40141971	40217691	37641	38079	75720	7	True
12	rs17443099	40179612	40179612	40179612	0	0	0	8	True
3	rs34822404	183028420	183012503	183088155	15917	59735	75652	4	True
3	rs34822404	183028420	183012503	183088155	15917	59735	75652	5	True
3	rs34822404	183028420	183012503	183088155	15917	59735	75652	6	True
3	rs34822404	183028420	183012503	183081454	15917	53034	68951	7	True
3	rs34822404	183028420	183012503	183044649	15917	16229	32146	8	True
17	rs12601457	42628829	42419266	42686386	209563	57557	267120	4	True
17	rs12601457	42628829	42527380	42672816	101449	43987	145436	5	True
17	rs12601457	42628829	42549055	42666566	79774	37737	117511	6	True
17	rs12601457	42628829	42549055	42666566	79774	37737	117511	7	True
17	rs12601457	42628829	42549055	42666566	79774	37737	117511	8	True
21	rs8130097	45161847	45073761	45215941	88086	54094	142180	4	True
21	rs8130097	45161847	45074202	45215941	87645	54094	141739	5	True
21	rs8130097	45161847	45074202	45215941	87645	54094	141739	6	True
21	rs8130097	45161847	45077005	45215941	84842	54094	138936	7	True
21	rs8130097	45161847	45090401	45208731	71446	46884	118330	8	True
21	rs4148103	42221495	42157888	42223473	63607	1978	65585	4	True
21	rs4148103	42221495	42170380	42223473	51115	1978	53093	5	True
21	rs4148103	42221495	42180953	42222328	40542	833	41375	6	True
21	rs4148103	42221495	42192331	42222328	29164	833	29997	7	True
21	rs4148103	42221495	42193416	42222328	28079	833	28912	8	True
7	rs6979335	100492237	100297287	100503507	194950	11270	206220	4	True
7	rs6979335	100492237	100308061	100502852	184176	10615	194791	5	True
7	rs6979335	100492237	100393925	100502852	98312	10615	108927	6	True
7	rs6979335	100492237	100469227	100502852	23010	10615	33625	7	True
7	rs6979335	100492237	100483563	100502852	8674	10615	19289	8	True
20	rs117517602	50535462	50448287	50614796	87175	79334	166509	4	True
20	rs117517602	50535462	50454107	50609073	81355	73611	154966	5	True
20	rs117517602	50535462	50456605	50594207	78857	58745	137602	6	True
20	rs117517602	50535462	50474750	50594207	60712	58745	119457	7	True
20	rs117517602	50535462	50492342	50594207	43120	58745	101865	8	True
11	rs11223628	133930880	133930582	133930880	298	0	298	4	True
11	rs11223628	133930880	133930874	133930880	6	0	6	5	True
11	rs11223628	133930880	133930874	133930880	6	0	6	6	True
11	rs11223628	133930880	133930874	133930880	6	0	6	7	True
11	rs11223628	133930880	133930874	133930880	6	0	6	8	True
17	rs34359486	44402945	44358852	44530953	44093	128008	172101	4	True
17	rs34359486	44402945	44359632	44509951	43313	107006	150319	5	True
17	rs34359486	44402945	44359632	44509951	43313	107006	150319	6	True
17	rs34359486	44402945	44359632	44509951	43313	107006	150319	7	True
17	rs34359486	44402945	44376974	44509951	25971	107006	132977	8	True
12	rs76904798	40220632	40159908	40235793	60724	15161	75885	4	True
12	rs76904798	40220632	40217062	40234631	3570	13999	17569	5	True
12	rs76904798	40220632	40220632	40221122	0	490	490	6	True
12	rs76904798	40220632	40220632	40221122	0	490	490	7	True
12	rs76904798	40220632	40220632	40220632	0	0	0	8	True
21	rs118075805	44366954	44366954	44445354	0	78400	78400	4	True
21	rs118075805	44366954	44366954	44445354	0	78400	78400	5	True
21	rs118075805	44366954	44366954	44445354	0	78400	78400	6	True
21	rs118075805	44366954	44366954	44366954	0	0	0	7	True
21	rs118075805	44366954	44366954	44366954	0	0	0	8	True
1	rs377808	52724687	52663447	52973853	61240	249166	310406	4	True
1	rs377808	52724687	52663447	52970755	61240	246068	307308	5	True
1	rs377808	52724687	52694462	52873085	30225	148398	178623	6	True
1	rs377808	52724687	52694462	52781823	30225	57136	87361	7	True
1	rs377808	52724687	52695948	52746410	28739	21723	50462	8	True
3	rs58088236	121842918	121693029	121849864	149889	6946	156835	4	True
3	rs58088236	121842918	121693029	121849864	149889	6946	156835	5	True
3	rs58088236	121842918	121693029	121849016	149889	6098	155987	6	True
3	rs58088236	121842918	121778899	121849016	64019	6098	70117	7	True
3	rs58088236	121842918	121778899	121849016	64019	6098	70117	8	True
1	rs3049686	171747480	171680457	171756690	67023	9210	76233	4	True
1	rs3049686	171747480	171684067	171756690	63413	9210	72623	5	True
1	rs3049686	171747480	171684067	171756690	63413	9210	72623	6	True
1	rs3049686	171747480	171684067	171754669	63413	7189	70602	7	True
1	rs3049686	171747480	171699339	171754669	48141	7189	55330	8	True
14	rs7155501	54881109	54818870	55003906	62239	122797	185036	4	True
14	rs7155501	54881109	54818870	54953555	62239	72446	134685	5	True
14	rs7155501	54881109	54868344	54893485	12765	12376	25141	6	True
14	rs7155501	54881109	54868344	54885803	12765	4694	17459	7	True
14	rs7155501	54881109	54868344	54885803	12765	4694	17459	8	True
4	rs59912548	18000605	17806714	18033627	193891	33022	226913	4	True
4	rs59912548	18000605	17824787	18033627	175818	33022	208840	5	True
4	rs59912548	18000605	17864702	18033627	135903	33022	168925	6	True
4	rs59912548	18000605	17930932	18031865	69673	31260	100933	7	True
4	rs59912548	18000605	17930932	18030864	69673	30259	99932	8	True
6	rs7741241	13664623	13600227	13750629	64396	86006	150402	4	True
6	rs7741241	13664623	13637382	13750629	27241	86006	113247	5	True
6	rs7741241	13664623	13637382	13708948	27241	44325	71566	6	True
6	rs7741241	13664623	13637382	13708948	27241	44325	71566	7	True
6	rs7741241	13664623	13637382	13708948	27241	44325	71566	8	True
6	rs1236644794	69763057	69763057	69763057	0	0	0	4	False
6	rs1236644794	69763057	69763057	69763057	0	0	0	5	False
6	rs1236644794	69763057	69763057	69763057	0	0	0	6	False
6	rs1236644794	69763057	69763057	69763057	0	0	0	7	False
6	rs1236644794	69763057	69763057	69763057	0	0	0	8	False
12	rs28370650	40006146	39943361	40346884	62785	340738	403523	4	True
12	rs28370650	40006146	39943361	40346884	62785	340738	403523	5	True
12	rs28370650	40006146	39980699	40314520	25447	308374	333821	6	True
12	rs28370650	40006146	40005347	40314520	799	308374	309173	7	True
12	rs28370650	40006146	40005347	40268889	799	262743	263542	8	True
12	rs10847864	122842051	122805343	122897895	36708	55844	92552	4	True
12	rs10847864	122842051	122811747	122897895	30304	55844	86148	5	True
12	rs10847864	122842051	122815445	122893823	26606	51772	78378	6	True
12	rs10847864	122842051	122838013	122842051	4038	0	4038	7	True
12	rs10847864	122842051	122838013	122842051	4038	0	4038	8	True
15	rs35336805	50701476	50421204	50958972	280272	257496	537768	4	True
15	rs35336805	50701476	50433405	50767930	268071	66454	334525	5	True
15	rs35336805	50701476	50508901	50767930	192575	66454	259029	6	True
15	rs35336805	50701476	50548358	50767930	153118	66454	219572	7	True
15	rs35336805	50701476	50697342	50720387	4134	18911	23045	8	True
12	rs933738	49549339	49361197	49771907	188142	222568	410710	4	True
12	rs933738	49549339	49374473	49769291	174866	219952	394818	5	True
12	rs933738	49549339	49540782	49769291	8557	219952	228509	6	True
12	rs933738	49549339	49545862	49700531	3477	151192	154669	7	True
12	rs933738	49549339	49549339	49551143	0	1804	1804	8	True
1	rs76763715	155235843	155235843	155235843	0	0	0	4	False
1	rs76763715	155235843	155235843	155235843	0	0	0	5	False
1	rs76763715	155235843	155235843	155235843	0	0	0	6	False
1	rs76763715	155235843	155235843	155235843	0	0	0	7	False
1	rs76763715	155235843	155235843	155235843	0	0	0	8	False
6	rs6913724	27287064	27038150	27328585	248914	41521	290435	4	True
6	rs6913724	27287064	27160528	27328585	126536	41521	168057	5	True
6	rs6913724	27287064	27253111	27328585	33953	41521	75474	6	True
6	rs6913724	27287064	27256854	27328585	30210	41521	71731	7	True
6	rs6913724	27287064	27256854	27287238	30210	174	30384	8	True
5	rs461753	1431099	1417239	1436361	13860	5262	19122	4	True
5	rs461753	1431099	1425044	1436361	6055	5262	11317	5	True
5	rs461753	1431099	1425964	1436361	5135	5262	10397	6	True
5	rs461753	1431099	1425964	1436361	5135	5262	10397	7	True
5	rs461753	1431099	1426036	1434622	5063	3523	8586	8	True
1	rs12073680	232508908	232507091	232537095	1817	28187	30004	4	True
1	rs12073680	232508908	232507091	232537095	1817	28187	30004	5	True
1	rs12073680	232508908	232508908	232536144	0	27236	27236	6	True
1	rs12073680	232508908	232508908	232536144	0	27236	27236	7	True
1	rs12073680	232508908	232508908	232508908	0	0	0	8	True
1	rs61802091	161419856	161419856	161476187	0	56331	56331	4	True
1	rs61802091	161419856	161419856	161476187	0	56331	56331	5	True
1	rs61802091	161419856	161419856	161419856	0	0	0	6	True
1	rs61802091	161419856	161419856	161419856	0	0	0	7	True
1	rs61802091	161419856	161419856	161419856	0	0	0	8	True
17	rs12941356	17813217	17746109	18112855	67108	299638	366746	4	True
17	rs12941356	17813217	17793217	17957232	20000	144015	164015	5	True
17	rs12941356	17813217	17803791	17832638	9426	19421	28847	6	True
17	rs12941356	17813217	17803791	17813217	9426	0	9426	7	True
17	rs12941356	17813217	17813217	17813217	0	0	0	8	True
4	rs34884217	950422	822968	950422	127454	0	127454	4	True
4	rs34884217	950422	822968	950422	127454	0	127454	5	True
4	rs34884217	950422	850993	950422	99429	0	99429	6	True
4	rs34884217	950422	887539	950422	62883	0	62883	7	True
4	rs34884217	950422	887539	950422	62883	0	62883	8	True
1	rs7517340	243546888	243496425	243854320	50463	307432	357895	4	True
1	rs7517340	243546888	243500302	243832046	46586	285158	331744	5	True
1	rs7517340	243546888	243500302	243795462	46586	248574	295160	6	True
1	rs7517340	243546888	243511470	243791249	35418	244361	279779	7	True
1	rs7517340	243546888	243514532	243546888	32356	0	32356	8	True
2	rs10173157	157798690	157776468	157811933	22222	13243	35465	4	True
2	rs10173157	157798690	157776468	157800488	22222	1798	24020	5	True
2	rs10173157	157798690	157776468	157798690	22222	0	22222	6	True
2	rs10173157	157798690	157776468	157798690	22222	0	22222	7	True
2	rs10173157	157798690	157779372	157798690	19318	0	19318	8	True
