chr	lead_id	lead_bp	left_raw	right_raw	left_dist	right_dist	size	1kg	hg38id_short	left_bound	right_bound	nearest_gene
chr12	chr12_39956045	39956045	39955246	40266701	1500	310656	312156	True	chr12_39956045	39954545	40266701	SLC2A13
chr12	chr12_40172990	40172990	40169419	40220632	3571	47642	51213	True	chr12_40172990	40169419	40220632	LRRK2
chr2	chr2_61542158	61542158	61192440	61616848	349718	74690	424408	True	chr2_61542158	61192440	61616848	XPO1
chr21	chr21_38965849	38965849	38951956	40577012	13893	1611163	1625056	True	chr21_38965849	38951956	40577012	DSCAM
chr1	chr1_242959059	242959059	242913144	243546888	45915	587829	633744	True	chr1_242959059	242913144	243546888	AKT3
chr17	chr17_45256927	45256927	44402945	45363959	853982	107032	961014	True	chr17_45256927	44402945	45363959	GPATCH8/GRN
chr7	chr7_159832638	158605408	158605408	158605408	1500	1500	3000	False	chr7_158605408	158603908	158606908	PTPRN2
chr17	chr17_7138214	7138214	7113747	7237287	24467	99073	123540	True	chr17_7138214	7113747	7237287	PHF23
chr19	chr19_52140010	52140010	49145273	52145898	2994737	5888	3000625	True	chr19_52140010	49145273	52145898	PPFIA3
chr15	chr15_59505023	59505023	59502805	61701503	2218	2196480	2198698	True	chr15_59505023	59502805	61701503	VPS13C
chr17	chr17_62648213	62648213	61779284	62686276	868929	38063	906992	True	chr17_62648213	61779284	62686276	BRIP1
chr14	chr14_49086308	49086308	49036426	54881109	49882	5794801	5844683	True	chr14_49086308	49036426	54881109	GCH1
chr1	chr1_112121774	112121774	112076750	112127742	45024	5968	50992	True	chr1_112121774	112076750	112127742	KCND3
chr2	chr2_135274950	135274950	134834675	135264216	440275	1500	441775	True	chr2_135274950	134834675	135276450	ACMSD
chr8	chr8_1539773	1761106	1761106	1761106	1500	1500	3000	False	chr8_1761106	1759606	1762606	CLN8
chr10	chr10_120567743	120567743	119670121	120571785	897622	4042	901664	True	chr10_120567743	119670121	120571785	BAG3
chr4	chr4_173071978	173071978	169711869	173021792	3360109	1500	3361609	True	chr4_173071978	169711869	173073478	CLCN3
chr17	chr17_15993786	15993786	15870072	16207806	123714	214020	337734	True	chr17_15993786	15870072	16207806	NCOR1
chr16	chr16_1681857	1666009	1666009	1666009	1500	1500	3000	True	chr16_1666009	1664509	1667509	CRAMP1
chr2	chr2_32672438	32672438	32351695	32672791	320743	1500	322243	True	chr2_32672438	32351695	32673938	TTC27
chr3	chr3_17712603	17712603	17282513	17848150	430090	135547	565637	True	chr3_17712603	17282513	17848150	TBC1D5
chr1	chr1_160557282	161419856	161419856	161419856	1500	1500	3000	True	chr1_161419856	161418356	161421356	SDHC
chr12	chr12_122837490	122837490	122833452	122842051	4038	4561	8599	True	chr12_122837490	122833452	122842051	HIP1R
chr17	chr17_17759807	17759807	17740396	17813217	19411	53410	72821	True	chr17_17759807	17740396	17813217	SREBF1
chr6	chr6_113019497	111836412	111836412	111836412	1500	1500	3000	True	chr6_111836412	111834912	111837912	FYN
chr16	chr16_56609304	56609304	50811622	56605968	5797682	1500	5799182	True	chr16_56609304	50811622	56610804	CYLD
chr12	chr12_40131953	40131953	39994073	40374007	137880	242054	379934	True	chr12_40131953	39994073	40374007	LRRK2
chr4	chr4_15717886	15717886	15697861	15735725	20025	17839	37864	True	chr4_15717886	15697861	15735725	BST1
chr3	chr3_182003047	182003047	179199217	182050118	2803830	47071	2850901	True	chr3_182003047	179199217	182050118	PIK3CA
chr4	chr4_17982956	17982956	17847047	18015979	135909	33023	168932	True	chr4_17982956	17847047	18015979	LCORL
chr5	chr5_125388823	125388823	124872055	125428984	516768	40161	556929	True	chr5_125388823	124872055	125428984	ZNF608
chr17	chr17_69157864	69157864	68281293	69180677	876571	22813	899384	True	chr17_69157864	68281293	69180677	SLC16A6
chr4	chr4_173356526	173356526	169996341	173430973	3360185	74447	3434632	True	chr4_173356526	169996341	173430973	MFAP3L
chr9	chr9_34173706	34173706	34154849	34380706	18857	207000	225857	True	chr9_34173706	34154849	34380706	UBAP1
chr1	chr1_160137365	160137365	160204542	161000299	1500	862934	864434	True	chr1_160137365	160135865	161000299	F11R
chr10	chr10_120548988	120548988	119651405	120696011	897583	147023	1044606	True	chr10_120548988	119651405	120696011	BAG3
chr4	chr4_948522	948522	848745	950422	99777	1900	101677	True	chr4_948522	848745	950422	TMEM175
chr4	chr4_79593440	79593440	76252761	79594188	3340679	1500	3342179	True	chr4_79593440	76252761	79594940	FAM47E-STBD1
chr4	chr4_93036249	89704960	89704960	89704960	1500	1500	3000	True	chr4_89704960	89703460	89706460	SNCA
chr2	chr2_168586924	168586924	168129365	168591805	457559	4881	462440	True	chr2_168586924	168129365	168591805	STK39
chr4	chr4_79619459	79619459	76278760	79618532	3340699	1500	3342199	True	chr4_79619459	76278760	79620959	FAM47E-STBD1
chr21	chr21_42721125	42721125	42770690	44366954	1500	1645829	1647329	True	chr21_42721125	42719625	44366954	TRPM2
chr10	chr10_103761133	103761133	102875346	103761650	885787	1500	887287	True	chr10_103761133	102875346	103762633	AS3MT
chr11	chr11_113731438	113731438	113659668	113796438	71770	65000	136770	True	chr11_113731438	113659668	113796438	ZW10
chr17	chr17_43485959	43485959	42628829	43523705	857130	37746	894876	True	chr17_43485959	42628829	43523705	TUBG1
chr20	chr20_3203769	3203769	3172857	3220457	30912	16688	47600	True	chr20_3203769	3172857	3220457	LZTS3
chr16	chr16_29173904	29173904	28893412	29195151	280492	21247	301739	True	chr16_29173904	28893412	29195151	ATP2A1
chr2	chr2_23753542	23753542	23718478	24064264	35064	310722	345786	True	chr2_23753542	23718478	24064264	KLHL29
chr2	chr2_161425440	161425440	160967491	161428643	457949	3203	461152	True	chr2_161425440	160967491	161428643	TANK
chr4	chr4_116756661	116756661	113447909	116767813	3308752	11152	3319904	True	chr4_116756661	113447909	116767813	CAMK2D
chr18	chr18_43285152	43285152	43093415	43290007	191737	4855	196592	True	chr18_43285152	43093415	43290007	RIT2
chr3	chr3_58450516	58450516	58316421	58525004	134095	74488	208583	True	chr3_58450516	58316421	58525004	PXK
chr1	chr1_171103954	171103954	171040533	171747480	63421	643526	706947	True	chr1_171103954	171040533	171747480	VAMP4
chr2	chr2_158252118	158252118	157798690	158251207	453428	1500	454928	True	chr2_158252118	157798690	158253618	ACVR1
chr21	chr21_43524807	43524807	43436485	45161847	88322	1637040	1725362	True	chr21_43524807	43436485	45161847	ADARB1
chr20	chr20_6045914	6045914	6005604	6071600	40310	25686	65996	True	chr20_6045914	6005604	6071600	CRLS1
chr8	chr8_7886697	11853604	11853604	11853604	1500	1500	3000	False	chr8_11853604	11852104	11855104	CTSB
chr1	chr1_52606191	52724687	52724687	52724687	1500	1500	3000	False	chr1_52724687	52723187	52726187	ZYG11B
chr8	chr8_22946414	22946414	22672162	22960897	274252	14483	288735	True	chr8_22946414	22672162	22960897	BIN3
chr3	chr3_154713902	154713902	151946018	154777446	2767884	63544	2831428	True	chr3_154713902	151946018	154777446	SUCNR1
chr6	chr6_27156178	27156178	27121944	27287064	34234	130886	165120	True	chr6_27156178	27121944	27287064	POM121L2
chr13	chr13_48562387	49341314	49341314	49341314	1500	1500	3000	False	chr13_49341314	49339814	49342814	CAB39L
chr6	chr6_13538158	13538158	13510920	13664623	27238	126465	153703	True	chr6_13538158	13510920	13664623	RANBP9
chr2	chr2_168717960	168717960	168260515	168756850	457445	38890	496335	True	chr2_168717960	168260515	168756850	STK39
chr12	chr12_71763146	71785666	71785666	71785666	1500	1500	3000	True	chr12_71785666	71784166	71787166	RAB21
chr12	chr12_109561626	109561626	109429101	109586736	132525	25110	157635	True	chr12_109561626	109429101	109586736	MVK
chr10	chr10_120753701	120753701	119856143	120846944	897558	93243	990801	True	chr10_120753701	119856143	120846944	CASC2
chr8	chr8_130999124	130999124	129873161	131061740	1125963	62616	1188579	True	chr8_130999124	129873161	131061740	CYRIB
chr3	chr3_158324992	158324992	155551064	158407522	2773928	82530	2856458	True	chr3_158324992	155551064	158407522	PLCH1
chr9	chr9_17593349	17593349	17580618	17594396	12731	1500	14231	True	chr9_17593349	17580618	17594849	SH3GL2
chr3	chr3_154156646	151405709	151405709	151405709	1500	1500	3000	True	chr3_151405709	151404209	151407209	MED12L
chr1	chr1_231894785	232508908	232508908	232508908	1500	1500	3000	False	chr1_232508908	232507408	232510408	SIPA1L2
chr9	chr9_17714696	17714696	17697570	17747884	17126	33188	50314	True	chr9_17714696	17697570	17747884	SH3GL2
chr1	chr1_160204542	161067049	161067049	161067049	1500	1500	3000	True	chr1_161067049	161065549	161068549	ARHGAP30
chr3	chr3_154758358	154758358	151990484	154828963	2767874	70605	2838479	True	chr3_154758358	151990484	154828963	SUCNR1
chr1	chr1_225919605	225919605	225913242	226731418	6363	811813	818176	True	chr1_225919605	225913242	226731418	ITPKB
chr6	chr6_28890688	28890688	28587849	29104458	302839	213770	516609	True	chr6_28890688	28587849	29104458	ZNF311
chr1	chr1_160465437	161327996	161327996	161327996	1500	1500	3000	False	chr1_161327996	161326496	161329496	SDHC
chr17	chr17_32241955	32241955	31296270	32235177	945685	1500	947185	True	chr17_32241955	31296270	32243455	OMG
chr4	chr4_956267	956267	947145	977375	9122	21108	30230	True	chr4_956267	947145	977375	TMEM175
chr13	chr13_109011527	109011527	108984004	109782884	27523	771357	798880	True	chr13_109011527	108984004	109782884	IRS2
chr3	chr3_164102914	164102914	161328149	164153835	2774765	50921	2825686	True	chr3_164102914	161328149	164153835	SPTSSB
chr15	chr15_48508532	50701476	50701476	50701476	1500	1500	3000	True	chr15_50701476	50699976	50702976	SPPL2A
chr12	chr12_45982337	45982337	45973834	46022785	8503	40448	48951	True	chr12_45982337	45973834	46022785	SCAF11
chr2	chr2_95832691	95832691	95326214	95897745	506477	65054	571531	True	chr2_95832691	95326214	95897745	KCNIP3
chr16	chr16_58407887	58407887	52610012	58403719	5797875	1500	5799375	True	chr16_58407887	52610012	58409387	TOX3
chr15	chr15_62413435	62413435	62154096	64604181	259339	2190746	2450085	True	chr15_62413435	62154096	64604181	ZNF609
chr7	chr7_96947978	96947978	95711872	96944842	1236106	1500	1237606	True	chr7_96947978	95711872	96949478	DYNC1I1
chr12	chr12_40272278	40272278	40320097	40330969	1500	58691	60191	True	chr12_40272278	40270778	40330969	LRRK2
chr2	chr2_148351488	147901026	147901026	147901026	1500	1500	3000	True	chr2_147901026	147899526	147902526	ACVR2A
chr2	chr2_31617519	31617519	31572741	31631257	44778	13738	58516	True	chr2_31617519	31572741	31631257	SRD5A2
chr6	chr6_27093149	27093149	27053248	27224312	39901	131163	171064	True	chr6_27093149	27053248	27224312	POM121L2
chr17	chr17_4822984	4822984	4811904	4932600	11080	109616	120696	True	chr17_4822984	4811904	4932600	GP1BA
chr19	chr19_18618108	18618108	18482743	18661740	135365	43632	178997	True	chr19_18618108	18482743	18661740	ELL
chr19	chr19_35082596	35082596	32563836	35435638	2518760	353042	2871802	True	chr19_35082596	32563836	35435638	PDCD5
chr17	chr17_48397205	48397205	47535476	48350138	861729	1500	863229	True	chr17_48397205	47535476	48398705	NPEPPS
chr5	chr5_138969507	138443292	138443292	138443292	1500	1500	3000	False	chr5_138443292	138441792	138444792	REEP2
chr17	chr17_79318793	79318793	78425279	79327265	893514	8472	901986	True	chr17_79318793	78425279	79327265	DNAH17
chr8	chr8_110761832	109633256	109633256	109633256	1500	1500	3000	True	chr8_109633256	109631756	109634756	SYBU
chr18	chr18_34242134	34242134	34050285	34263097	191849	20963	212812	True	chr18_34242134	34050285	34263097	NOL4
chr4	chr4_93169043	93169043	89837794	93230054	3331249	61011	3392260	True	chr4_93169043	89837794	93230054	SNCA
chr17	chr17_47101866	46239844	46239844	46239844	1500	1500	3000	False	chr17_46239844	46238344	46241344	KANSL1
chr21	chr21_40611552	40611552	40573001	42221495	38551	1609943	1648494	True	chr21_40611552	40573001	42221495	ABCG1
chr14	chr14_94980948	94980948	94969438	100746019	11510	5765071	5776581	True	chr14_94980948	94969438	100746019	DLK1
chr16	chr16_58737128	58737128	52939375	58749397	5797753	12269	5810022	True	chr16_58737128	52939375	58749397	CHD9
chr3	chr3_7015030	7024398	7024398	7024398	1500	1500	3000	True	chr3_7024398	7022898	7025898	GRM7
chr6	chr6_70943119	70943119	69763057	70988216	1180062	45097	1225159	True	chr6_70943119	69763057	70988216	LMBRD1
chr6	chr6_32432921	32432921	32356555	32603345	76366	170424	246790	True	chr6_32432921	32356555	32603345	HLA-DRB1
chr8	chr8_17108284	17108284	16840070	17124696	268214	16412	284626	True	chr8_17108284	16840070	17124696	FGF20
chr1	chr1_205034808	205034808	205016034	205770138	18774	735330	754104	True	chr1_205034808	205016034	205770138	RAB29
chr3	chr3_28660570	28660570	28649618	28666529	10952	5959	16911	True	chr3_28660570	28649618	28666529	RBMS3
chr12	chr12_100952380	100952380	100983462	100991017	1500	38637	40137	True	chr12_100952380	100950880	100991017	ANO4
chr15	chr15_86728586	86728586	86676963	88973692	51623	2245106	2296729	True	chr15_86728586	86676963	88973692	MFGE8
chr17	chr17_62885128	62016181	62016181	62016181	1500	1500	3000	False	chr17_62016181	62014681	62017681	MED13
chr12	chr12_49511595	49549339	49549339	49549339	1500	1500	3000	False	chr12_49549339	49547839	49550839	KCNH3
chr6	chr6_134023933	132828914	132828914	132828914	1500	1500	3000	True	chr6_132828914	132827414	132830414	RPS12
chr5	chr5_1343065	1343065	1337906	1431099	5159	88034	93193	True	chr5_1343065	1337906	1431099	SLC6A3
chr3	chr3_185834605	185834605	183028420	185894352	2806185	59747	2865932	True	chr3_185834605	183028420	185894352	MCCC1
chr6	chr6_19895391	19895391	19884926	20023315	10465	127924	138389	True	chr6_19895391	19884926	20023315	MBOAT1
chr17	chr17_45206875	45206875	44352876	45224832	853999	17957	871956	True	chr17_45206875	44352876	45224832	GRN
chr14	chr14_31938582	31938582	31919073	37749513	19509	5810931	5830440	True	chr14_31938582	31919073	37749513	TTC6
chr13	chr13_96431121	96431121	96430607	97227087	1500	795966	797466	True	chr13_96431121	96429621	97227087	MBNL2
chr11	chr11_133973096	133973096	133930880	133973094	42216	1500	43716	True	chr11_133973096	133930880	133974596	IGSF9B
chr12	chr12_902043	902043	877852	906303	24191	4260	28451	True	chr12_902043	877852	906303	WNK1
chr17	chr17_51013769	51013769	50146710	51016506	867059	2737	869796	True	chr17_51013769	50146710	51016506	PPP1R9B
chr3	chr3_124562871	124562871	121842918	124568981	2719953	6110	2726063	True	chr3_124562871	121842918	124568981	EAF2
chr5	chr5_61658496	61658496	60842132	62010135	816364	351639	1168003	True	chr5_61658496	60842132	62010135	ELOVL7
chr17	chr17_82863827	82863827	81996668	82868952	867159	5125	872284	True	chr17_82863827	81996668	82868952	ASPSCR1
chr2	chr2_101628752	101628752	101170053	101661299	458699	32547	491246	True	chr2_101628752	101170053	101661299	TBC1D8
chr2	chr2_69478184	69478184	69311162	69528446	167022	50262	217284	True	chr2_69478184	69311162	69528446	AAK1
chr11	chr11_83725494	83725494	83728616	83789062	1500	63568	65068	True	chr11_83725494	83723994	83789062	DLG2
chr1	chr1_154374933	155236376	155236376	155236376	1500	1500	3000	False	chr1_155236376	155234876	155237876	GBA1
chr20	chr20_52305120	52305120	50535462	52361840	1769658	56720	1826378	True	chr20_52305120	50535462	52361840	PTPN1
chr5	chr5_76785147	76303383	76303383	76303383	1500	1500	3000	False	chr5_76303383	76301883	76304883	SV2C
chr10	chr10_15525584	15525584	15507549	15581786	18035	56202	74237	True	chr10_15525584	15507549	15581786	ITGA8
chr3	chr3_39494440	39494440	39440982	39506179	53458	11739	65197	True	chr3_39494440	39440982	39506179	MOBP
chr8	chr8_11285896	8457501	8457501	8457501	1500	1500	3000	False	chr8_8457501	8456001	8459001	PRAG1
chr12	chr12_40292582	40340400	40340400	40340400	1500	1500	3000	True	chr12_40340400	40338900	40341900	LRRK2
chr16	chr16_31426150	31426150	31038712	31510219	387438	84069	471507	True	chr16_31426150	31038712	31510219	STX4
chr4	chr4_938121	940049	940049	940049	1500	1500	3000	True	chr4_940049	938549	941549	TMEM175
chr5	chr5_81014471	80530472	80530472	80530472	1500	1500	3000	False	chr5_80530472	80528972	80531972	FAM151B
chr4	chr4_2933377	2934914	2934914	2934914	1500	1500	3000	False	chr4_2934914	2933414	2936414	MFSD10
chr17	chr17_7499204	7499204	7446770	7594953	52434	95749	148183	True	chr17_7499204	7446770	7594953	FXR2
chr16	chr16_19196799	19196799	19190342	19266171	6457	69372	75829	True	chr16_19196799	19190342	19266171	SYT17
chr7	chr7_23213525	23213525	23076996	23345066	136529	131541	268070	True	chr7_23213525	23076996	23345066	KLHL7
chr20	chr20_33529741	33529741	31805133	33570889	1724608	41148	1765756	True	chr20_33529741	31805133	33570889	TPX2
chr3	chr3_18249688	18249688	18210531	18322374	39157	72686	111843	True	chr3_18249688	18210531	18322374	TBC1D5
chr1	chr1_154374803	155236246	155236246	155236246	1500	1500	3000	False	chr1_155236246	155234746	155237746	GBA1
chr6	chr6_72959203	72959203	71778059	72962353	1181144	3150	1184294	True	chr6_72959203	71778059	72962353	RIMS1
chr21	chr21_35902328	35902328	35734328	37519947	168000	1617619	1785619	True	chr21_35902328	35734328	37519947	DYRK1A
chr2	chr2_17998101	17966582	17966582	17966582	1500	1500	3000	True	chr2_17966582	17965082	17968082	KCNS3
chr1	chr1_154374400	155235843	155235843	155235843	1500	1500	3000	True	chr1_155235843	155234343	155237343	GBA1
chr19	chr19_2326812	2326812	2313627	2353152	13185	26340	39525	True	chr19_2326812	2313627	2353152	SPPL2B
chr10	chr10_103300107	102415138	102415138	102415138	1500	1500	3000	True	chr10_102415138	102413638	102416638	PSD
chr12	chr12_107430435	107430435	107428450	107466794	1985	36359	38344	True	chr12_107430435	107428450	107466794	ABTB3
chr7	chr7_101732313	100492237	100492237	100492237	1500	1500	3000	False	chr7_100492237	100490737	100493737	NYAP1
chr14	chr14_82218552	82218552	82160195	87997920	58357	5779368	5837725	True	chr14_82218552	82160195	87997920	GALC
