chr	left_hs1	right_hs1	lead_hs1	rs_lead	lift_success	1kg	nearest_gene
chr16	29086958	29195149	29173904	rs68040616	True	True	ATP2A1
chr14	82160187	82243918	82218552	rs979812	True	True	GALC
chr16	56605848	56610804	56609304	rs1861761	True	True	CYLD
chr12	45973840	46010947	45982337	rs6582585	True	True	SCAF11
chr16	31393087	31502438	31426150	rs732172	True	True	STX4
chr13	96429621	96446961	96431121	rs1995052	True	True	MBNL2
chr2	95585852	95990952	95832691	rs7563891	True	True	KCNIP3
chr2	61192674	61616898	61542158	rs9309337	True	True	XPO1
chr8	110737213	110764619	110761832	rs6469273	True	True	SYBU
chr14	37729985	37760887	37749513	rs36003317	False	True	TTC6
chr21	38951951	39002911	38965849	rs4816690	True	True	DSCAM
chr1	154373303	154376303	154374803	rs75548401	True	True	GBA1
chr11	83723994	83769861	83725494	rs12284617	True	True	DLG2
chr3	163874854	164153825	164102914	rs11929238	True	True	SPTSSB
chr10	119854643	119857643	119856143	rs1174256174	False	False	CASC2
chr1	160135865	160204115	160137365	rs72712862	True	True	F11R
chr17	48282607	48520937	48397205	rs190825568	True	True	NPEPPS
chr7	159823082	159862333	159832638	rs80148128	True	True	PTPRN2
chr4	2845904	2935754	2933377	rs2857866	True	True	MFSD10
chr1	112076778	112127740	112121774	rs12128848	True	True	KCND3
chr3	154748658	154828951	154758358	rs10569457	True	True	SUCNR1
chr4	79616223	79620959	79619459	rs28628748	True	True	FAM47E-STBD1
chr4	173022115	173073478	173071978	rs72696649	True	True	CLCN3
chr8	22867132	22960897	22946414	rs4872005	True	True	BIN3
chr11	113659665	113796435	113731438	rs10750027	True	True	ZW10
chr17	82815315	82873370	82863827	rs8074498	True	True	ASPSCR1
chr19	2313610	2334629	2326812	rs1128402	True	True	SPPL2B
chr3	17282357	17818971	17712603	rs144678625	True	True	TBC1D5
chr4	79569102	79594940	79593440	rs13117238	True	True	FAM47E-STBD1
chr16	58735620	58749396	58737128	rs1971534	True	True	CHD9
chr19	52131482	52145901	52140010	rs4802574	True	True	PPFIA3
chr3	39443732	39506179	39494440	rs1768208	True	True	MOBP
chr6	28770520	29070289	28890688	rs41316625	True	True	ZNF311
chr4	93133673	93230059	93169043	rs2301134	True	True	SNCA
chr17	50990529	51026348	51013769	rs847680	True	True	PPP1R9B
chr17	4811942	4826122	4822984	rs2243093	True	True	GP1BA
chr5	76754926	76792117	76785147	rs246814	True	True	SV2C
chr13	108990232	109039553	109011527	rs1805097	True	True	IRS2
chr10	15524084	15573931	15525584	rs10796307	True	True	ITGA8
chr16	1680357	1683357	1681857	rs8058190	True	True	CRAMP1
chr4	954767	977356	956267	rs34311866	True	True	TMEM175
chr7	96930308	96949478	96947978	rs2127183	True	True	DYNC1I1
chr12	71761646	71764646	71763146	rs61754230	True	True	RAB21
chr5	81001557	81035106	81014471	rs10054911	True	True	FAM151B
chr10	120547488	120550488	120548988	rs144814361	True	True	BAG3
chr20	33221220	33570889	33529741	rs35428411	True	True	TPX2
chr12	867499	938441	902043	rs2286028	True	True	WNK1
chr15	59499825	59508920	59505023	rs4774417	True	True	VPS13C
chr4	936621	939621	938121	rs77186370	True	True	TMEM175
chr5	125385023	125429093	125388823	rs11241774	True	True	ZNF608
chr6	133961420	134153393	134023933	rs146617529	True	True	RPS12
chr2	168549260	168591805	168586924	rs12618884	True	True	STK39
chr4	116727959	116788966	116756661	rs13117519	True	True	CAMK2D
chr13	48560887	48611994	48562387	rs1198499	True	True	CAB39L
chr17	45205375	45230901	45206875	rs5848	True	True	GRN
chr1	225913242	225925361	225919605	rs10495249	True	True	ITPKB
chr3	154123573	154165754	154156646	rs11717169	True	True	MED12L
chr2	23722349	24064630	23753542	rs12478701	True	True	KLHL29
chr19	18544552	18661749	18618108	rs8105994	True	True	ELL
chr17	69146490	69180678	69157864	rs58426209	True	True	SLC16A6
chr2	101577572	101661296	101628752	rs60954733	True	True	TBC1D8
chr8	130967164	131061372	130999124	rs2663613	True	True	CYRIB
chr12	40291082	40294082	40292582	rs34637584	True	False	LRRK2
chr1	205015074	205053366	205034808	rs708723	True	True	RAB29
chr1	154079804	155062748	154374933	rs2230288	True	True	GBA1
chr9	17697591	17747890	17714696	rs1536072	True	True	SH3GL2
chr17	62755497	62934792	62885128	rs72843781	True	True	MED13
chr4	173325628	173430972	173356526	rs75739600	True	True	MFAP3L
chr1	160203042	160206042	160204542	rs72712893	True	True	ARHGAP30
chr9	34171323	34377752	34173706	rs13296299	True	True	UBAP1
chr12	100950880	100983458	100952380	rs7964712	True	True	ANO4
chr3	18210527	18322380	18249688	rs73034368	True	True	TBC1D5
chr17	79311505	79327280	79318793	rs143392722	True	True	DNAH17
chr20	3198986	3220438	3203769	rs55785911	True	True	LZTS3
chr15	86677197	86733654	86728586	rs34631560	True	True	MFGE8
chr6	19884930	19896891	19895391	rs60740436	True	True	MBOAT1
chr2	135028273	135276450	135274950	rs6758044	True	True	ACMSD
chr17	32030240	32243455	32241955	rs11080149	True	True	OMG
chr17	7113762	7182700	7138214	rs222852	True	True	PHF23
chr12	109430219	109578390	109561626	rs2270375	True	True	MVK
chr10	103298607	103301607	103300107	rs2282295	True	True	PSD
chr20	6044078	6072705	6045914	rs143230159	True	True	CRLS1
chr2	69312708	69528444	69478184	rs9309428	True	True	AAK1
chr9	17591235	17594849	17593349	rs8181077	True	True	SH3GL2
chr3	7013530	7016530	7015030	rs17046610	True	True	GRM7
chr2	32357039	32673938	32672438	rs13010404	True	True	TTC27
chr4	93034749	93037749	93036249	rs356182	True	True	SNCA
chr17	15870106	16163455	15993786	rs2078050	True	True	NCOR1
chr4	15697859	15719386	15717886	rs4698412	True	True	BST1
chr18	43283652	43290007	43285152	rs12456492	True	True	RIT2
chr17	7444674	7537460	7499204	rs72827590	True	True	FXR2
chr17	62590673	62688114	62648213	rs11871753	True	True	BRIP1
chr2	161415017	161428642	161425440	rs1710669	True	True	TANK
chr3	28649610	28666528	28660570	rs1461806	True	True	RBMS3
chr3	181903851	182050111	182003047	rs3729674	True	True	PIK3CA
chr8	11278526	11287394	11285894	rs11277366	True	True	PRAG1
chr6	32419666	32473266	32432921	rs2647066	True	True	HLA-DRB1
chr12	40270778	40330954	40272278	rs35303786	True	True	LRRK2
chr16	58389576	58409387	58407887	rs8046994	True	True	TOX3
chr10	120553795	120576322	120567743	rs2234962	True	True	BAG3
chr15	62153809	62610245	62413435	rs648397	True	True	ZNF609
chr3	154712402	154715402	154713902	rs1719750116	True	False	SUCNR1
chr14	94969452	95007855	94980948	rs201348288	True	True	DLK1
chr2	17996601	18047637	17998101	rs76116224	True	True	KCNS3
chr10	103757207	104072699	103761133	rs12764899	True	True	AS3MT
chr8	7875570	7888195	7886695	rs34504234	True	True	CTSB
chr2	148190236	148624627	148351488	rs3754541	True	True	ACVR2A
chr5	138898960	138979513	138969507	rs2350640	True	True	REEP2
chr19	35074016	35241222	35082596	rs11669800	True	True	PDCD5
chr16	19190338	19198770	19196799	rs6497339	True	True	SYT17
chr6	27053303	27118294	27093149	rs4713072	True	True	POM121L2
chr6	72950704	72978727	72959203	rs12528068	True	True	RIMS1
chr21	35778909	35928415	35902328	rs11701836	True	True	DYRK1A
chr8	17106784	17124696	17108284	rs620490	True	True	FGF20
chr7	23206929	23347915	23213525	rs6461688	True	True	KLHL7
chr8	1522506	1555505	1539773	rs10087654	True	True	CLN8
chr1	160416423	160469908	160465437	rs72714968	True	True	SDHC
chr3	58316394	58525004	58450516	rs56384862	True	True	PXK
chr3	158301864	158407586	158324992	rs359545	True	True	PLCH1
chr2	168692877	168756530	168717960	rs2102808	True	True	STK39
chr2	31606345	31631281	31617519	rs6749019	True	True	SRD5A2
chr5	61655393	62010070	61658496	rs1867598	True	True	ELOVL7
chr6	112972410	113083985	113019497	rs13340407	True	True	FYN
chr12	107428448	107456723	107430435	rs7350560	True	True	ABTB3
chr18	34240634	34243634	34242134	rs2076574176	True	False	NOL4
chr17	46439124	47410522	47101866	rs2532384	True	True	KANSL1
chr12	39996508	40374163	40131953	rs17443099	True	True	LRRK2
chr3	185818688	185894340	185834605	rs34822404	True	True	MCCC1
chr17	43406185	43523696	43485959	rs12601457	True	True	TUBG1
chr21	43437162	43578901	43524807	rs8130097	True	True	ADARB1
chr21	40571010	40613052	40611552	rs4148103	True	True	ABCG1
chr7	101634001	101742928	101732313	rs6979335	True	True	NYAP1
chr20	52226263	52363865	52305120	rs117517602	True	True	PTPN1
chr11	133971596	133974596	133973096	rs11223628	True	True	IGSF9B
chr17	45213614	45363933	45256927	rs34359486	True	True	GPATCH8/GRN
chr12	40171490	40174490	40172990	rs76904798	True	True	LRRK2
chr21	42719625	42799525	42721125	rs118075805	True	True	TRPM2
chr1	52575966	52754589	52606191	rs377808	True	True	ZYG11B
chr3	124412982	124568969	124562871	rs58088236	True	True	EAF2
chr1	171040541	171113164	171103954	rs3049686	True	True	VAMP4
chr14	49073543	49098684	49086308	rs7155501	True	True	GCH1
chr4	17847053	18015978	17982956	rs59912548	True	True	LCORL
chr6	13510917	13582483	13538158	rs7741241	True	True	RANBP9
chr6	70941619	70944619	70943119	rs1236644794	True	False	LMBRD1
chr12	39930598	40264419	39956045	rs28370650	True	True	SLC2A13
chr12	122810884	122889262	122837490	rs10847864	True	True	HIP1R
chr15	48315957	48574986	48508532	rs35336805	True	True	SPPL2A
chr12	49503038	49731547	49511595	rs933738	True	True	KCNH3
chr1	154372900	154375900	154374400	rs76763715	True	False	GBA1
chr6	27122225	27197699	27156178	rs6913724	True	True	POM121L2
chr5	1337930	1348327	1343065	rs461753	True	True	SLC6A3
chr1	231893285	231922021	231894785	rs12073680	True	True	SIPA1L2
chr1	160555782	160558782	160557282	rs61802091	True	True	SDHC
chr17	17750381	17779228	17759807	rs12941356	True	True	SREBF1
chr4	849093	950022	948522	rs34884217	True	True	TMEM175
chr1	242912473	243207633	242959059	rs7517340	True	True	AKT3
chr2	158229896	158253618	158252118	rs10173157	True	True	ACVR1
